PRAGMA user_version=4;
PRAGMA foreign_keys=OFF;
BEGIN TRANSACTION;
CREATE TABLE `users` (`is_admin` numeric,`is_locked` numeric,`uuid` text,`username` text NOT NULL UNIQUE,`password_salt` blob,`password_hash` blob,`browser_token` text,`minecraft_token` text,`api_token` text,`preferred_language` text,`max_player_count` integer,PRIMARY KEY (`uuid`));
INSERT INTO users VALUES(1,0,'3203a466-e087-4722-bcb2-a58094d44e30','foo',X'15175e011c3e1083717a428fa2ec9834',X'124b73815d2faf962ceeb5912f8d1eddcbab1732046c3f8e207ec4e2ba2c1861',NULL,'MC_QNWeHw5gbBEQ5vZ66lvvbD','99vtgWUFYhpppynaO3xsLB','en',-2);
INSERT INTO users VALUES(0,0,'02a38a6a-0128-4128-94dc-6c4a87c62b54','bar',X'49f3bfc68fe0f83ae5aa56a4e8691c9b',X'28fc38decfc8968d3b45cb799e22708c928bd10ba91548119ab6827eb52f337b',NULL,'MC_fA8P0NOHbEIcVqiNZtic1A','WYU257wONQKYJfgSLAH2tA','en',-2);
INSERT INTO users VALUES(0,0,'c6c4c2b4-6a3a-4c5d-bc89-4c2fb2ad4e11','baz',X'8fa4c3d2a19e4b7c92e3f5a1b7c4d9ef',X'3e8b9f41d6c2a7f581c9b3a2e4d7a1f2b9c3d4e5f6a7b8c9d0e1f2a3b4c5d6e7',NULL,'MC_JGv2eP0wqN7kT4mRb91yHC','RWt3Q9pLhzA7mCk1UfN5sD','en',-2);
INSERT INTO users VALUES(0,0,'4c8b9f72-2f7c-4c1e-9d33-1a7c52b19c44','qux',X'7bc3e9a1d4f286c1a9b3f7d2c4e18a9f',X'5fa9c3d1e7b248c9f3a1d6e4b7c2a9f18c3d4b2e7f6a9c1d0e3b5f2a4c7d9e1b',NULL,'MC_Tn48bQ2rLaC1yF9mVh03Xp','Aq7F4mD2cZt89NpLhW3sVc','en',-2);
CREATE TABLE `players` (`uuid` text,`name` text collate nocase NOT NULL UNIQUE,`offline_uuid` text NOT NULL,`created_at` datetime,`name_last_changed_at` datetime,`skin_hash` text,`skin_model` text,`cape_hash` text,`server_id` text,`fallback_player` text,`user_uuid` text NOT NULL,PRIMARY KEY (`uuid`),CONSTRAINT `fk_users_players` FOREIGN KEY (`user_uuid`) REFERENCES `users`(`uuid`));
INSERT INTO players VALUES('191ead5e-96f2-433c-a83f-ef5fc1c20177','foo','ab980ae0-02d3-3064-adcf-22d6ca24b404','2025-11-17 00:19:27.687405612-05:00','2025-11-17 00:19:27.687405645-05:00',NULL,'classic',NULL,NULL,'191ead5e-96f2-433c-a83f-ef5fc1c20177','3203a466-e087-4722-bcb2-a58094d44e30');
INSERT INTO players VALUES('81a0cad3-ee6c-4955-9265-62f86b1668b0','bar','4f9d5bad-fe3d-372c-bd1e-6517bc0e6b3e','2025-11-17 00:21:25.982752056-05:00','2025-11-17 00:21:25.982752093-05:00',NULL,'classic',NULL,NULL,'81a0cad3-ee6c-4955-9265-62f86b1668b0','02a38a6a-0128-4128-94dc-6c4a87c62b54');
INSERT INTO players VALUES('a1b2579a-39d6-4b08-93f8-55ec6e7190af','baz','d2a1c76b-fa21-3f87-a2d3-4f6c1b0e3925','2025-11-17 00:25:42.182751000-05:00','2025-11-17 00:25:42.182751040-05:00',NULL,'classic',NULL,NULL,'a1b2579a-39d6-4b08-93f8-55ec6e7190af','c6c4c2b4-6a3a-4c5d-bc89-4c2fb2ad4e11');
INSERT INTO players VALUES('f7c1a28d-bf2e-4b73-9c51-82e5a4fc9021','qux','8b27af49-6ca1-3e29-bfc4-1d25abf7e380','2025-11-17 00:27:54.552381000-05:00','2025-11-17 00:27:54.552381040-05:00',NULL,'classic',NULL,NULL,'f7c1a28d-bf2e-4b73-9c51-82e5a4fc9021','4c8b9f72-2f7c-4c1e-9d33-1a7c52b19c44');
CREATE TABLE `clients` (`uuid` text,`client_token` text,`version` integer,`user_uuid` text NOT NULL,`player_uuid` text,PRIMARY KEY (`uuid`),CONSTRAINT `fk_players_clients` FOREIGN KEY (`player_uuid`) REFERENCES `players`(`uuid`) ON DELETE CASCADE,CONSTRAINT `fk_users_clients` FOREIGN KEY (`user_uuid`) REFERENCES `users`(`uuid`));
INSERT INTO clients VALUES('8f2c1b33-7a41-4e0d-9a63-1be4c7f29a51','a3c78f19e52440e8b91e3dc27fb8c4d1',0,'c6c4c2b4-6a3a-4c5d-bc89-4c2fb2ad4e11','a1b2579a-39d6-4b08-93f8-55ec6e7190af');

INSERT INTO clients VALUES('d5b5a6d6-c4b5-4ccf-b9f3-87e32e457795','4999d940be0740028f325cbe2f8070f3',0,'3203a466-e087-4722-bcb2-a58094d44e30','191ead5e-96f2-433c-a83f-ef5fc1c20177');
INSERT INTO clients VALUES('54310525-392a-4f56-bdce-85325ad7f9c5','d86679cc9f6d477b908f92435f0e197e',0,'3203a466-e087-4722-bcb2-a58094d44e30','191ead5e-96f2-433c-a83f-ef5fc1c20177');
INSERT INTO clients VALUES('3c71dd12-d725-42be-a9b7-4405ee1994e5','0da4bff34f7e4419ad93f9522c6d6831',0,'3203a466-e087-4722-bcb2-a58094d44e30','191ead5e-96f2-433c-a83f-ef5fc1c20177');
INSERT INTO clients VALUES('9b2fa7a7-dc5f-4764-be5d-9c1bca1fdbe1','ba06dc649000477d99c4e3617ec0245a',0,'3203a466-e087-4722-bcb2-a58094d44e30','191ead5e-96f2-433c-a83f-ef5fc1c20177');
INSERT INTO clients VALUES('64951c76-f832-44d8-ae08-52c1a2b7a95e','e578e7cfdc824b478ac97a8889627653',0,'3203a466-e087-4722-bcb2-a58094d44e30','191ead5e-96f2-433c-a83f-ef5fc1c20177');
INSERT INTO clients VALUES('cb7d03ff-a7c2-4bb3-87c7-f0f9c848d18f','3f5c68c7e7074dbfbf8222fc97c39bdc',0,'3203a466-e087-4722-bcb2-a58094d44e30','191ead5e-96f2-433c-a83f-ef5fc1c20177');
INSERT INTO clients VALUES('f80e8b5b-6806-473d-badf-35cdd398e844','915e9000dd61474b87c05d78afe821af',0,'3203a466-e087-4722-bcb2-a58094d44e30','191ead5e-96f2-433c-a83f-ef5fc1c20177');
INSERT INTO clients VALUES('5646af1d-39a3-494e-a4c4-6dcedcee2340','968dbaaf4a8542aeb695b99f4f590da6',0,'3203a466-e087-4722-bcb2-a58094d44e30','191ead5e-96f2-433c-a83f-ef5fc1c20177');
INSERT INTO clients VALUES('c432ffa6-f42f-468f-ad2e-f617e99da023','4e4e36d0a6ee4ed5b9d5912b061e3871',0,'3203a466-e087-4722-bcb2-a58094d44e30','191ead5e-96f2-433c-a83f-ef5fc1c20177');
INSERT INTO clients VALUES('59415686-6a74-479f-8e0e-f30fbc10f421','932fdccacf854db192cdc87bc7106b22',0,'3203a466-e087-4722-bcb2-a58094d44e30','191ead5e-96f2-433c-a83f-ef5fc1c20177');
INSERT INTO clients VALUES('6180b41f-2a03-4388-99ef-fbdc5e7d090d','2376319608dd41ffbc74d49dd7704015',0,'3203a466-e087-4722-bcb2-a58094d44e30','191ead5e-96f2-433c-a83f-ef5fc1c20177');
INSERT INTO clients VALUES('0b7d7c6d-8808-4cbf-a5f4-c0dc1a495b1f','221b3beda6bb4e8d877cd3b0ece1e154',0,'3203a466-e087-4722-bcb2-a58094d44e30','191ead5e-96f2-433c-a83f-ef5fc1c20177');
INSERT INTO clients VALUES('b41de14f-f95d-408b-9a36-aa0a4a3e0307','156b495b0ddd49948018f2ae30591550',0,'3203a466-e087-4722-bcb2-a58094d44e30','191ead5e-96f2-433c-a83f-ef5fc1c20177');
INSERT INTO clients VALUES('f7a12e71-69d4-4516-b0e9-58167fa0bf4f','4992ef73e98f4dceb56299d53ae8272e',0,'3203a466-e087-4722-bcb2-a58094d44e30','191ead5e-96f2-433c-a83f-ef5fc1c20177');
INSERT INTO clients VALUES('496b03f5-3701-4730-806b-119503d279fb','65c571ef7eb446eab62236d279170831',0,'3203a466-e087-4722-bcb2-a58094d44e30','191ead5e-96f2-433c-a83f-ef5fc1c20177');
INSERT INTO clients VALUES('d4e44060-dfbe-49de-af03-3a6c51e75437','7e80fda1bbbe46058c471767d29cc27e',0,'3203a466-e087-4722-bcb2-a58094d44e30','191ead5e-96f2-433c-a83f-ef5fc1c20177');
INSERT INTO clients VALUES('1b39fa67-4f5e-4997-911f-7d5a60bb872e','7b92aa1fd82d490d95b8c352a77581b7',0,'3203a466-e087-4722-bcb2-a58094d44e30','191ead5e-96f2-433c-a83f-ef5fc1c20177');
INSERT INTO clients VALUES('09ac0b86-0305-4480-b2a0-5e31b5f000cb','0d80e4ca1ae14f0c83d536a197c6e386',0,'3203a466-e087-4722-bcb2-a58094d44e30','191ead5e-96f2-433c-a83f-ef5fc1c20177');
INSERT INTO clients VALUES('679a603e-0d80-44c6-ae7f-588a19b42568','9b1053e7d2e44c1281f8b610016d31e0',0,'3203a466-e087-4722-bcb2-a58094d44e30','191ead5e-96f2-433c-a83f-ef5fc1c20177');
INSERT INTO clients VALUES('f2315405-159b-4b23-b4e2-109ba8c73c2f','62d942545a1646b88c943bdbea3c5c4c',0,'3203a466-e087-4722-bcb2-a58094d44e30','191ead5e-96f2-433c-a83f-ef5fc1c20177');
INSERT INTO clients VALUES('69fcea26-6d27-412a-b91c-01faf63529ce','132da0924328432a8b003dc772db083b',0,'3203a466-e087-4722-bcb2-a58094d44e30','191ead5e-96f2-433c-a83f-ef5fc1c20177');
INSERT INTO clients VALUES('0c93c200-b082-4286-a005-2701676b7d40','7becc3306fe44a8f8ab8ea6225cda277',0,'3203a466-e087-4722-bcb2-a58094d44e30','191ead5e-96f2-433c-a83f-ef5fc1c20177');
INSERT INTO clients VALUES('30435347-efa6-4097-98bc-ffc55d58ba3e','86bca023170a464190ee12255005b9f1',0,'3203a466-e087-4722-bcb2-a58094d44e30','191ead5e-96f2-433c-a83f-ef5fc1c20177');
INSERT INTO clients VALUES('f52f8a55-1d54-4030-8f4a-f77e4e5b1cd9','b875029ce3d84c4187ef6da6328d5df4',0,'3203a466-e087-4722-bcb2-a58094d44e30','191ead5e-96f2-433c-a83f-ef5fc1c20177');
INSERT INTO clients VALUES('8af789fb-6ac5-47fe-9887-2cafaf7344c4','3ffcc5f0ab114934aced520bf856c898',0,'3203a466-e087-4722-bcb2-a58094d44e30','191ead5e-96f2-433c-a83f-ef5fc1c20177');
INSERT INTO clients VALUES('46295fd1-333d-4628-8d26-25fd830602dd','77d5d449e6644a48be2f96303068ce91',0,'3203a466-e087-4722-bcb2-a58094d44e30','191ead5e-96f2-433c-a83f-ef5fc1c20177');
INSERT INTO clients VALUES('1c0e10f7-6b78-47f8-a7e3-ffd610b4def1','a94204f1c07c42adae4ea5623049c295',0,'3203a466-e087-4722-bcb2-a58094d44e30','191ead5e-96f2-433c-a83f-ef5fc1c20177');
INSERT INTO clients VALUES('78b76ea1-04b2-4f23-a839-5301c412f530','0bf2388adb694e119cc0c8fc6694e517',0,'3203a466-e087-4722-bcb2-a58094d44e30','191ead5e-96f2-433c-a83f-ef5fc1c20177');
INSERT INTO clients VALUES('4ba4314a-d8b0-4f45-a028-6b904487c6f7','7275301d2bae47df8e9f46e165586972',0,'3203a466-e087-4722-bcb2-a58094d44e30','191ead5e-96f2-433c-a83f-ef5fc1c20177');
INSERT INTO clients VALUES('f80bbbb9-0ed1-4536-bb35-372cffa5ccb1','3ca329d63f434b5b92f87d29783bb27c',0,'3203a466-e087-4722-bcb2-a58094d44e30','191ead5e-96f2-433c-a83f-ef5fc1c20177');
INSERT INTO clients VALUES('244bc544-3a12-4f28-82c7-5a22371d5a90','ea5de6936ca14a0aa1100ae6f73beaf4',0,'3203a466-e087-4722-bcb2-a58094d44e30','191ead5e-96f2-433c-a83f-ef5fc1c20177');
INSERT INTO clients VALUES('461cca42-e96a-40fa-accc-a1771ac355f3','a9812aa2ff4244e1ad021f48eb099d52',0,'3203a466-e087-4722-bcb2-a58094d44e30','191ead5e-96f2-433c-a83f-ef5fc1c20177');
INSERT INTO clients VALUES('8703c3c1-712a-4f6f-bfce-76ad2a59bac7','706ec9e2695e4678a6394d51078fc74b',0,'3203a466-e087-4722-bcb2-a58094d44e30','191ead5e-96f2-433c-a83f-ef5fc1c20177');
INSERT INTO clients VALUES('ab963ee2-9cf9-4b04-8a09-936109188963','b21fa4f7123243368e23f7215acc4028',0,'3203a466-e087-4722-bcb2-a58094d44e30','191ead5e-96f2-433c-a83f-ef5fc1c20177');
INSERT INTO clients VALUES('795ceabc-ee6e-46ee-b922-4458e7b55858','71b9c6c5d3894ddea58c915662f7ffec',0,'3203a466-e087-4722-bcb2-a58094d44e30','191ead5e-96f2-433c-a83f-ef5fc1c20177');
INSERT INTO clients VALUES('32e89fe1-ea9a-4491-9eac-f2a3749c72c8','6c9aeb93a00e46aebd31ef51cd22b33d',0,'3203a466-e087-4722-bcb2-a58094d44e30','191ead5e-96f2-433c-a83f-ef5fc1c20177');
INSERT INTO clients VALUES('0dd10b55-b5fe-479b-aa95-c9ad88294c86','9aca8827a18d4a5f9d5c6d3c804e603a',0,'3203a466-e087-4722-bcb2-a58094d44e30','191ead5e-96f2-433c-a83f-ef5fc1c20177');
INSERT INTO clients VALUES('d7cfc9d8-5df9-419e-8936-fa946fc47511','047da647c07f4faa956174b1e787fc67',0,'3203a466-e087-4722-bcb2-a58094d44e30','191ead5e-96f2-433c-a83f-ef5fc1c20177');
INSERT INTO clients VALUES('af537bd3-a8ac-4d92-a354-3761e364a122','6f600b063832457ebc0e279fbcf3ff7a',0,'3203a466-e087-4722-bcb2-a58094d44e30','191ead5e-96f2-433c-a83f-ef5fc1c20177');
INSERT INTO clients VALUES('cbf40966-2408-4726-82ad-fb61e0fe6215','ea5116c500f445b4af140d6f134396b5',0,'3203a466-e087-4722-bcb2-a58094d44e30','191ead5e-96f2-433c-a83f-ef5fc1c20177');
INSERT INTO clients VALUES('f3c8afa1-280c-48c6-9532-0adca953440e','1c306055498f451e9ebbd6e422a512b9',0,'3203a466-e087-4722-bcb2-a58094d44e30','191ead5e-96f2-433c-a83f-ef5fc1c20177');
INSERT INTO clients VALUES('54fca82f-f316-42f5-bc00-8ad9fd585197','44611d3f153a49398815811eebc80250',0,'3203a466-e087-4722-bcb2-a58094d44e30','191ead5e-96f2-433c-a83f-ef5fc1c20177');
INSERT INTO clients VALUES('935300b4-dbe2-4e35-a10a-3080852d6d7a','d3a27f349cb8445298f01526f7b46740',0,'3203a466-e087-4722-bcb2-a58094d44e30','191ead5e-96f2-433c-a83f-ef5fc1c20177');
INSERT INTO clients VALUES('23187e4c-77a0-4cd4-9ff0-c5f77e2a3968','e7b1b193aaaa40f2844d43da40b82373',0,'3203a466-e087-4722-bcb2-a58094d44e30','191ead5e-96f2-433c-a83f-ef5fc1c20177');
INSERT INTO clients VALUES('885ccd71-855e-48c9-b13b-daafdabf77a9','694e17e09f6e4356af827848b11522e8',0,'3203a466-e087-4722-bcb2-a58094d44e30','191ead5e-96f2-433c-a83f-ef5fc1c20177');
INSERT INTO clients VALUES('4af49270-89e3-4250-a71a-c94cd12860ae','007d444c130d4bf4bf069301a248f9f0',0,'3203a466-e087-4722-bcb2-a58094d44e30','191ead5e-96f2-433c-a83f-ef5fc1c20177');
INSERT INTO clients VALUES('f076736b-eb61-4209-8afa-c81785c1d081','0597902a8ffa46688d6b4780815db7ce',0,'3203a466-e087-4722-bcb2-a58094d44e30','191ead5e-96f2-433c-a83f-ef5fc1c20177');
INSERT INTO clients VALUES('4dc23530-cb42-44d3-a335-49051165d02a','7ce691478cba4eea80704a70d6eba122',0,'3203a466-e087-4722-bcb2-a58094d44e30','191ead5e-96f2-433c-a83f-ef5fc1c20177');
INSERT INTO clients VALUES('0b8cabfa-3105-4cc1-be18-566565b5ee14','bdf3874d258f4501bbd9646eb99db475',0,'3203a466-e087-4722-bcb2-a58094d44e30','191ead5e-96f2-433c-a83f-ef5fc1c20177');
INSERT INTO clients VALUES('7b503585-1be4-4b9f-ad1f-5d5fbf40f762','e2bccebee31449fd845fea352032feca',0,'3203a466-e087-4722-bcb2-a58094d44e30','191ead5e-96f2-433c-a83f-ef5fc1c20177');
INSERT INTO clients VALUES('8d634d3f-266d-4506-881f-831740f0ddf4','d037e451ae034fde95b917b6c1045bdc',0,'3203a466-e087-4722-bcb2-a58094d44e30','191ead5e-96f2-433c-a83f-ef5fc1c20177');
INSERT INTO clients VALUES('a278fc80-cdc0-45e5-ba41-7d1fb16753db','f01c46f0b2ce46fb81948fa175110a51',0,'3203a466-e087-4722-bcb2-a58094d44e30','191ead5e-96f2-433c-a83f-ef5fc1c20177');
INSERT INTO clients VALUES('78709b71-3283-45ab-b48a-8cadb22277f9','62e6878eefd2432a902d2e0d5a56e1a3',0,'3203a466-e087-4722-bcb2-a58094d44e30','191ead5e-96f2-433c-a83f-ef5fc1c20177');
INSERT INTO clients VALUES('f3d28960-542f-48aa-aba2-846d8cc967c9','8651cb5895384da99c48bae4cd7cfe69',0,'3203a466-e087-4722-bcb2-a58094d44e30','191ead5e-96f2-433c-a83f-ef5fc1c20177');
INSERT INTO clients VALUES('ca021ff5-b050-4acf-8825-8e8fc3a6dc17','236832dbc55549c287d68fa73b086349',0,'3203a466-e087-4722-bcb2-a58094d44e30','191ead5e-96f2-433c-a83f-ef5fc1c20177');
INSERT INTO clients VALUES('8bcc17cf-1ff1-4866-9d96-796e4e7c8452','e3785f3d3db240e9a30acdfc65027e10',0,'3203a466-e087-4722-bcb2-a58094d44e30','191ead5e-96f2-433c-a83f-ef5fc1c20177');
INSERT INTO clients VALUES('13461a85-b2b6-4fe4-bb2f-4265deddde70','012d0ca15f6b4bf08c9b164db2f26f73',0,'3203a466-e087-4722-bcb2-a58094d44e30','191ead5e-96f2-433c-a83f-ef5fc1c20177');
INSERT INTO clients VALUES('db60906e-0c43-48a0-8085-3eaffd7fa6e4','0c7d3d1f1c3d41669c8ef2384d6abe21',0,'3203a466-e087-4722-bcb2-a58094d44e30','191ead5e-96f2-433c-a83f-ef5fc1c20177');
INSERT INTO clients VALUES('0e281376-bc82-4e8b-bc42-874315dc54aa','5164a7d08bf54114af478b21cd3b1c71',0,'3203a466-e087-4722-bcb2-a58094d44e30','191ead5e-96f2-433c-a83f-ef5fc1c20177');
INSERT INTO clients VALUES('3c78c17b-2b93-4247-ab65-16a1bf8610da','2a4cadd248d043dab30257b4bd15e6b8',0,'3203a466-e087-4722-bcb2-a58094d44e30','191ead5e-96f2-433c-a83f-ef5fc1c20177');
INSERT INTO clients VALUES('cbf009cc-bc39-4586-8cab-9e25abe6fb35','992c0906a9f24620b4eb7ece3f33d53d',0,'3203a466-e087-4722-bcb2-a58094d44e30','191ead5e-96f2-433c-a83f-ef5fc1c20177');
INSERT INTO clients VALUES('6ea7258f-77c2-495c-96a3-7604bf5b3d64','c162a4c4a33b465d869a6068f3675c64',0,'3203a466-e087-4722-bcb2-a58094d44e30','191ead5e-96f2-433c-a83f-ef5fc1c20177');
INSERT INTO clients VALUES('22e95148-481a-439a-8669-cc2673a262c4','1bd87619c8ed43588fdcf6e4fbfdb7e1',0,'3203a466-e087-4722-bcb2-a58094d44e30','191ead5e-96f2-433c-a83f-ef5fc1c20177');
INSERT INTO clients VALUES('bf71a647-edd5-4ecd-b310-ce0bf9cd63b2','df94771187a148139bf3f8045e4dce5a',0,'3203a466-e087-4722-bcb2-a58094d44e30','191ead5e-96f2-433c-a83f-ef5fc1c20177');
INSERT INTO clients VALUES('5db0a943-7172-4db4-9593-121535c72a8b','f585eea854de48aba8aa3697019c2428',0,'3203a466-e087-4722-bcb2-a58094d44e30','191ead5e-96f2-433c-a83f-ef5fc1c20177');
INSERT INTO clients VALUES('66a0b2fd-ee5a-4aa8-aa41-0c2065a7adeb','36b82525e2bf4b71ba918f37e641f60d',0,'3203a466-e087-4722-bcb2-a58094d44e30','191ead5e-96f2-433c-a83f-ef5fc1c20177');
INSERT INTO clients VALUES('e914c5fb-3104-49e0-8595-6d64ff568a35','f84773a99f89401dae54e109d4e60f25',0,'3203a466-e087-4722-bcb2-a58094d44e30','191ead5e-96f2-433c-a83f-ef5fc1c20177');
INSERT INTO clients VALUES('0dde93ee-bbf7-450f-8eba-2314de409c74','d6ef2a84a0a144c8b0d56a66161fd224',0,'3203a466-e087-4722-bcb2-a58094d44e30','191ead5e-96f2-433c-a83f-ef5fc1c20177');
INSERT INTO clients VALUES('79bafde8-8efc-4757-be91-ba1797e133a0','40a6c4b5b8a74e958094a9e716c6a89d',0,'3203a466-e087-4722-bcb2-a58094d44e30','191ead5e-96f2-433c-a83f-ef5fc1c20177');
INSERT INTO clients VALUES('088e0076-6408-4305-874c-40d3bbd438f3','e5ad2f2b1efa4e30b5d2e31744c960c8',0,'3203a466-e087-4722-bcb2-a58094d44e30','191ead5e-96f2-433c-a83f-ef5fc1c20177');
INSERT INTO clients VALUES('d9690ae7-3eeb-4fdd-8750-6153ef8deb95','ce1c3c2e89834b0099c0cc253fbee042',0,'3203a466-e087-4722-bcb2-a58094d44e30','191ead5e-96f2-433c-a83f-ef5fc1c20177');
INSERT INTO clients VALUES('ef5fb319-f1ee-4770-a85d-f945720ded5e','89f11ffa703047168a6bca1f364ec6d3',0,'3203a466-e087-4722-bcb2-a58094d44e30','191ead5e-96f2-433c-a83f-ef5fc1c20177');
INSERT INTO clients VALUES('3450d099-b8b2-4bd6-8b91-86753131a738','3a63d49162674c06b81e5920d73d2c94',0,'3203a466-e087-4722-bcb2-a58094d44e30','191ead5e-96f2-433c-a83f-ef5fc1c20177');
INSERT INTO clients VALUES('be120746-e15d-4088-93e5-adca8f307afa','3a21d2a25ac8413aa468fcf0357f5eb6',0,'3203a466-e087-4722-bcb2-a58094d44e30','191ead5e-96f2-433c-a83f-ef5fc1c20177');
INSERT INTO clients VALUES('70636a5e-e378-4421-9468-49ffee6649d5','595d76684bd345f7b6017eeee9275a20',0,'3203a466-e087-4722-bcb2-a58094d44e30','191ead5e-96f2-433c-a83f-ef5fc1c20177');
INSERT INTO clients VALUES('5eff165b-f952-4ffb-b153-d57729b0ad0d','85a66ec97d0843e893e3acac3d3e12dc',0,'3203a466-e087-4722-bcb2-a58094d44e30','191ead5e-96f2-433c-a83f-ef5fc1c20177');
INSERT INTO clients VALUES('4de8c2ac-6f5f-4c6c-8190-db66cf22091d','88a5ab178a98431d8554f581a76760e4',0,'3203a466-e087-4722-bcb2-a58094d44e30','191ead5e-96f2-433c-a83f-ef5fc1c20177');
INSERT INTO clients VALUES('fb54af1d-6529-4cb7-a1d9-98f61beac5d9','ecccb0031e9e4a4d9357a2a9919ae4d3',0,'3203a466-e087-4722-bcb2-a58094d44e30','191ead5e-96f2-433c-a83f-ef5fc1c20177');
INSERT INTO clients VALUES('603d4574-5eca-470e-9b26-272013ba59e3','6007943b03424f368591a85d46ead074',0,'3203a466-e087-4722-bcb2-a58094d44e30','191ead5e-96f2-433c-a83f-ef5fc1c20177');
INSERT INTO clients VALUES('ad5fd1d1-3173-4635-ad6b-dea6e9425bd8','3bf0354c5bbb459dbbe8a48a892491bd',0,'3203a466-e087-4722-bcb2-a58094d44e30','191ead5e-96f2-433c-a83f-ef5fc1c20177');
INSERT INTO clients VALUES('3fb95701-b6f2-42b8-b11f-c88ac02b0d03','971f8630b8da423b8bf33e7dea616582',0,'3203a466-e087-4722-bcb2-a58094d44e30','191ead5e-96f2-433c-a83f-ef5fc1c20177');
INSERT INTO clients VALUES('328cc58f-4b1d-47a0-b86b-b9d5a27fb0e2','0ed020dfead2440ba731b3936b48787d',0,'3203a466-e087-4722-bcb2-a58094d44e30','191ead5e-96f2-433c-a83f-ef5fc1c20177');
INSERT INTO clients VALUES('a74061c0-ef7b-415f-86e6-c76331fbbe5b','c9e0c9538c19491a99be9d15457bd5ef',0,'3203a466-e087-4722-bcb2-a58094d44e30','191ead5e-96f2-433c-a83f-ef5fc1c20177');
INSERT INTO clients VALUES('cf15fbc9-1aff-43c9-a276-e6f918c72771','3f8d35efdb7143f3acc780b00e8993a1',0,'3203a466-e087-4722-bcb2-a58094d44e30','191ead5e-96f2-433c-a83f-ef5fc1c20177');
INSERT INTO clients VALUES('ec4d704d-552e-4d31-b1a8-3aeb934e5aaa','a889e0d8c0964d0c9753fc9b1a87aab6',0,'3203a466-e087-4722-bcb2-a58094d44e30','191ead5e-96f2-433c-a83f-ef5fc1c20177');
INSERT INTO clients VALUES('5abc997d-416a-48f3-a102-00471ee97dc7','960d15295cdc46b8acb2a67bda181dfa',0,'3203a466-e087-4722-bcb2-a58094d44e30','191ead5e-96f2-433c-a83f-ef5fc1c20177');
INSERT INTO clients VALUES('76a428dc-c540-4692-b9ba-f89a25031024','e5ef9f7d3c9d465e896b0aef8ff5a5c1',0,'3203a466-e087-4722-bcb2-a58094d44e30','191ead5e-96f2-433c-a83f-ef5fc1c20177');
INSERT INTO clients VALUES('5121c398-474e-472b-b1aa-e43e089791a6','773cc8c85a61496491ae0f1d3e6813aa',0,'3203a466-e087-4722-bcb2-a58094d44e30','191ead5e-96f2-433c-a83f-ef5fc1c20177');
INSERT INTO clients VALUES('e252df6c-3ca2-4c46-b9d5-35f7ad8ddafe','7411aedbdd2e43b982826e6869dce705',0,'3203a466-e087-4722-bcb2-a58094d44e30','191ead5e-96f2-433c-a83f-ef5fc1c20177');
INSERT INTO clients VALUES('08ab11d8-b834-4f3a-aba5-2443422582dd','e0433d9b7ad44184bef88752d1b02756',0,'3203a466-e087-4722-bcb2-a58094d44e30','191ead5e-96f2-433c-a83f-ef5fc1c20177');
INSERT INTO clients VALUES('8c8a6fd4-9f93-4e37-84fd-ae1a6a449bd1','8f788269238440c986c4613db48b06f8',0,'3203a466-e087-4722-bcb2-a58094d44e30','191ead5e-96f2-433c-a83f-ef5fc1c20177');
INSERT INTO clients VALUES('72b15dbc-ec93-4c9a-a04e-356289ad33c7','54b7faaa6b0144b2a9e39be0b7338c81',0,'3203a466-e087-4722-bcb2-a58094d44e30','191ead5e-96f2-433c-a83f-ef5fc1c20177');
INSERT INTO clients VALUES('de1d16ec-36d7-439a-ad08-5f6fedda2117','3f004811f1fe4e63ace177afe256de34',0,'3203a466-e087-4722-bcb2-a58094d44e30','191ead5e-96f2-433c-a83f-ef5fc1c20177');
INSERT INTO clients VALUES('4da2b578-9c2d-42e2-b678-890bca2dc781','579d582a324a44d19ad92bd5d4209999',0,'3203a466-e087-4722-bcb2-a58094d44e30','191ead5e-96f2-433c-a83f-ef5fc1c20177');
INSERT INTO clients VALUES('a7104fd1-0832-41fa-a04f-6b752946867d','c4a4474213014d02ae846fb100f0fa10',0,'3203a466-e087-4722-bcb2-a58094d44e30','191ead5e-96f2-433c-a83f-ef5fc1c20177');
INSERT INTO clients VALUES('a55eae2d-2a20-4e13-931a-1eafcf982427','c836935fe25d4065b875649463ca84ef',0,'3203a466-e087-4722-bcb2-a58094d44e30','191ead5e-96f2-433c-a83f-ef5fc1c20177');
INSERT INTO clients VALUES('cafcd7b6-3f60-4eff-8fea-baa85e22abda','4293219d552e44918c615e2c40194ce6',0,'3203a466-e087-4722-bcb2-a58094d44e30','191ead5e-96f2-433c-a83f-ef5fc1c20177');
INSERT INTO clients VALUES('af9e09df-fb61-40ba-ad0f-8bcf14ef7f6a','42a93844a5c448779944d92ed01868ef',0,'3203a466-e087-4722-bcb2-a58094d44e30','191ead5e-96f2-433c-a83f-ef5fc1c20177');
INSERT INTO clients VALUES('656a0a60-991b-4699-8649-01bc803f7aad','33353a1615e84a48b64f42d6ffd9b2ed',0,'3203a466-e087-4722-bcb2-a58094d44e30','191ead5e-96f2-433c-a83f-ef5fc1c20177');
INSERT INTO clients VALUES('189724ac-4659-4946-9e41-84a3286f26b7','c4e9be21256141f98a3bddeacb769ffb',0,'3203a466-e087-4722-bcb2-a58094d44e30','191ead5e-96f2-433c-a83f-ef5fc1c20177');
INSERT INTO clients VALUES('b5be8336-aec5-4f26-ad86-cdd97fd4cf5b','592ea93fa8df4a81b89406353aeb1314',0,'3203a466-e087-4722-bcb2-a58094d44e30','191ead5e-96f2-433c-a83f-ef5fc1c20177');
INSERT INTO clients VALUES('cba60ac7-8144-473a-aa5a-be771d55373b','abec419a10c54943a649a588170a5928',0,'3203a466-e087-4722-bcb2-a58094d44e30','191ead5e-96f2-433c-a83f-ef5fc1c20177');
INSERT INTO clients VALUES('79fbf7d0-8735-448f-a57a-4d1f2d916198','1641dbd10b0c42f9b4a6b4ce46a50970',0,'3203a466-e087-4722-bcb2-a58094d44e30','191ead5e-96f2-433c-a83f-ef5fc1c20177');
INSERT INTO clients VALUES('b7c63921-6a3e-410c-873a-4452b346a4aa','c7d7d80ee2f542709e27256155bd150e',0,'3203a466-e087-4722-bcb2-a58094d44e30','191ead5e-96f2-433c-a83f-ef5fc1c20177');
INSERT INTO clients VALUES('6979292c-f5b6-45d2-b795-00e98da09a64','ba4622ba4ead44bba839e0772b79f7fc',0,'3203a466-e087-4722-bcb2-a58094d44e30','191ead5e-96f2-433c-a83f-ef5fc1c20177');
INSERT INTO clients VALUES('9622938b-0321-4ea6-9616-9867cdacc971','52608d89ec1444ac97b67e4f1f164d19',0,'3203a466-e087-4722-bcb2-a58094d44e30','191ead5e-96f2-433c-a83f-ef5fc1c20177');
INSERT INTO clients VALUES('7b5f4428-249a-49fe-935e-9513ff721344','b6f0d1f847114def87d329f333f2c41b',0,'3203a466-e087-4722-bcb2-a58094d44e30','191ead5e-96f2-433c-a83f-ef5fc1c20177');
INSERT INTO clients VALUES('650b6f25-6c24-483c-b5ef-1a23942c0b5f','75207784cac04fd383a3b8cee139a144',0,'3203a466-e087-4722-bcb2-a58094d44e30','191ead5e-96f2-433c-a83f-ef5fc1c20177');
INSERT INTO clients VALUES('45da6a4f-d039-4dd7-a6f3-20ccbce8506e','e68c86fe52ec47189810220660391e09',0,'3203a466-e087-4722-bcb2-a58094d44e30','191ead5e-96f2-433c-a83f-ef5fc1c20177');
INSERT INTO clients VALUES('a1ed9c88-f4e2-407b-99ef-97764fc2c553','c6e70c335aa448519a6d7f4fe47515b7',0,'3203a466-e087-4722-bcb2-a58094d44e30','191ead5e-96f2-433c-a83f-ef5fc1c20177');
INSERT INTO clients VALUES('b55db190-2250-4f57-b896-7ce10af89750','2bacce7a4e4a49f384a6741f49bafef5',0,'3203a466-e087-4722-bcb2-a58094d44e30','191ead5e-96f2-433c-a83f-ef5fc1c20177');
INSERT INTO clients VALUES('6a76ebaf-9b41-49c7-ba86-88d8177a488d','0477ef0a8bae4d6eab4502ba03c7d9eb',0,'3203a466-e087-4722-bcb2-a58094d44e30','191ead5e-96f2-433c-a83f-ef5fc1c20177');
INSERT INTO clients VALUES('b4c6d52c-bd0d-44fd-b46c-a3fcfdaeecf0','cae581f32b7a4e7f9c8d567d7293abe2',0,'3203a466-e087-4722-bcb2-a58094d44e30','191ead5e-96f2-433c-a83f-ef5fc1c20177');
INSERT INTO clients VALUES('4690c2f7-08cb-4a81-a68c-5d5c0abdee0b','1e882e5759354b149f4ac965ba92ee15',0,'3203a466-e087-4722-bcb2-a58094d44e30','191ead5e-96f2-433c-a83f-ef5fc1c20177');
INSERT INTO clients VALUES('2418b992-7997-4567-a253-7c8e49cccfec','a4c721b8a9ef4321b37cbb20e96fb956',0,'3203a466-e087-4722-bcb2-a58094d44e30','191ead5e-96f2-433c-a83f-ef5fc1c20177');
INSERT INTO clients VALUES('824dc9ca-ede4-4263-bab6-3f7b8ee03a63','f1c6f8b91b774bea92eee52069ca8bc5',0,'3203a466-e087-4722-bcb2-a58094d44e30','191ead5e-96f2-433c-a83f-ef5fc1c20177');
INSERT INTO clients VALUES('32411c57-2911-41f9-b634-46b00f55b54d','f2ed4ec7e37041efb9001264476beb6f',0,'3203a466-e087-4722-bcb2-a58094d44e30','191ead5e-96f2-433c-a83f-ef5fc1c20177');
INSERT INTO clients VALUES('08892e75-ed90-44af-8c67-29d1aa7af6b6','146e0b5dee5e42f6b7dc68a7922aaecc',0,'3203a466-e087-4722-bcb2-a58094d44e30','191ead5e-96f2-433c-a83f-ef5fc1c20177');
INSERT INTO clients VALUES('6144726b-67b2-4496-9e51-da4d4dcf2051','43ee5f0c349d4154ac9ff68292c2f847',0,'3203a466-e087-4722-bcb2-a58094d44e30','191ead5e-96f2-433c-a83f-ef5fc1c20177');
INSERT INTO clients VALUES('6cc73e11-1835-4da9-9553-5fc5f8f4da4d','9d6646004d174c4a8e413cf3810a351f',0,'3203a466-e087-4722-bcb2-a58094d44e30','191ead5e-96f2-433c-a83f-ef5fc1c20177');
INSERT INTO clients VALUES('767ba05a-7efe-4f23-b4c8-876eb0327c63','bbd5f1f0484445f19d00b69fd794f37e',0,'3203a466-e087-4722-bcb2-a58094d44e30','191ead5e-96f2-433c-a83f-ef5fc1c20177');
INSERT INTO clients VALUES('b0639689-f3a6-4239-9c11-90e9e96f4140','ba1f5e08dc1e48ef9f1a98009a137fbf',0,'3203a466-e087-4722-bcb2-a58094d44e30','191ead5e-96f2-433c-a83f-ef5fc1c20177');
INSERT INTO clients VALUES('d70b4644-530a-490a-8ebf-9c66a8b94348','7058057726f84b0a89245ab7a8cd7cc5',0,'3203a466-e087-4722-bcb2-a58094d44e30','191ead5e-96f2-433c-a83f-ef5fc1c20177');
INSERT INTO clients VALUES('9ad680e4-b85e-4f0b-90b5-28964193f35c','4e5431bb6cbf42bcbb9ad9d14a8f75c5',0,'3203a466-e087-4722-bcb2-a58094d44e30','191ead5e-96f2-433c-a83f-ef5fc1c20177');
INSERT INTO clients VALUES('80690f43-ecbd-47fe-a4c0-72e007c6a046','16ae169a7b5549bba952c74b136b6205',0,'3203a466-e087-4722-bcb2-a58094d44e30','191ead5e-96f2-433c-a83f-ef5fc1c20177');
INSERT INTO clients VALUES('754f902d-db8f-426b-9957-913620ca0ede','4fb76e6392f941f0af7f34064f756c03',0,'3203a466-e087-4722-bcb2-a58094d44e30','191ead5e-96f2-433c-a83f-ef5fc1c20177');
INSERT INTO clients VALUES('a56640f1-c424-496b-87dd-c7e264c5af53','3a5d0eacde3744839011a9a87210450f',0,'3203a466-e087-4722-bcb2-a58094d44e30','191ead5e-96f2-433c-a83f-ef5fc1c20177');
INSERT INTO clients VALUES('a87ff3ae-fd9a-4bb6-a1fd-aa94926ea364','e4b537186d594c188d2e6c2ce2fa7cdd',0,'3203a466-e087-4722-bcb2-a58094d44e30','191ead5e-96f2-433c-a83f-ef5fc1c20177');
INSERT INTO clients VALUES('a610fbe9-9615-4c7c-b5b2-aec3b8cf469b','b5bf46562b53424490d41e140d166c62',0,'3203a466-e087-4722-bcb2-a58094d44e30','191ead5e-96f2-433c-a83f-ef5fc1c20177');
INSERT INTO clients VALUES('643b6815-dd1a-4425-bf4f-2f17900b1a49','88a3b28c25c44e90ada3cce14eea70f6',0,'3203a466-e087-4722-bcb2-a58094d44e30','191ead5e-96f2-433c-a83f-ef5fc1c20177');
INSERT INTO clients VALUES('1ba26ecf-fafd-4ba7-92bb-7965c7019c5c','2fb222719a064f7dbfc99736e25e8833',0,'3203a466-e087-4722-bcb2-a58094d44e30','191ead5e-96f2-433c-a83f-ef5fc1c20177');
INSERT INTO clients VALUES('0aa0aaa1-8d2d-4b22-ab3a-68c7d1106782','0a03bd664a5f4aad87dbd0fd89f940d4',0,'3203a466-e087-4722-bcb2-a58094d44e30','191ead5e-96f2-433c-a83f-ef5fc1c20177');
INSERT INTO clients VALUES('32c0bf82-e69b-48a4-91f2-4be53a7402fc','aceccfb8c1334e91899406c599491efa',0,'3203a466-e087-4722-bcb2-a58094d44e30','191ead5e-96f2-433c-a83f-ef5fc1c20177');
INSERT INTO clients VALUES('acec10f8-fdb6-45f6-946e-df2cdfda1a12','56bd7439a44441e39ca99adec42f3ef7',0,'3203a466-e087-4722-bcb2-a58094d44e30','191ead5e-96f2-433c-a83f-ef5fc1c20177');
INSERT INTO clients VALUES('3d69cafb-fc51-4171-9b6f-398b3f7b7dfd','779e03753580451e81178517657b9d96',0,'3203a466-e087-4722-bcb2-a58094d44e30','191ead5e-96f2-433c-a83f-ef5fc1c20177');
INSERT INTO clients VALUES('8d560c22-7dd3-4b73-afdf-8375c59ec0cb','15b19e4b252944e88c52a4f000438289',0,'3203a466-e087-4722-bcb2-a58094d44e30','191ead5e-96f2-433c-a83f-ef5fc1c20177');
INSERT INTO clients VALUES('b4276385-efdc-4c72-a4ba-3f2af91b5b33','ea988304b4dd46f2a4c3391647d782fd',0,'3203a466-e087-4722-bcb2-a58094d44e30','191ead5e-96f2-433c-a83f-ef5fc1c20177');
INSERT INTO clients VALUES('6a4e93de-d87f-49ca-9f3f-a58f3dbd6150','671cb3fde817470c8f41988a869234f7',0,'3203a466-e087-4722-bcb2-a58094d44e30','191ead5e-96f2-433c-a83f-ef5fc1c20177');
INSERT INTO clients VALUES('dfc183ee-70b9-4aab-b6c8-fa613d769b78','6ecc0cab29ff48ba901988ad7b5e6135',0,'3203a466-e087-4722-bcb2-a58094d44e30','191ead5e-96f2-433c-a83f-ef5fc1c20177');
INSERT INTO clients VALUES('318bf4f2-fb94-4ba9-86d9-52e8393f6e41','a03a5b9eb3f34314bababb83b1f89c11',0,'3203a466-e087-4722-bcb2-a58094d44e30','191ead5e-96f2-433c-a83f-ef5fc1c20177');
INSERT INTO clients VALUES('437768b4-b2ed-4faa-bcb5-13a5c654f498','f01f36b415cb4efa842ab7cf9e5c71c0',0,'3203a466-e087-4722-bcb2-a58094d44e30','191ead5e-96f2-433c-a83f-ef5fc1c20177');
INSERT INTO clients VALUES('7fe0b5bd-d614-4a18-8367-31666147a961','28b804f6d9424cd992fdff5ff4573d06',0,'3203a466-e087-4722-bcb2-a58094d44e30','191ead5e-96f2-433c-a83f-ef5fc1c20177');
INSERT INTO clients VALUES('a5869604-e98c-4135-ae8c-84c1290d5478','8efdda887558409e8a60644b528bb76d',0,'3203a466-e087-4722-bcb2-a58094d44e30','191ead5e-96f2-433c-a83f-ef5fc1c20177');
INSERT INTO clients VALUES('b86d6b98-b674-4324-91dd-809724233152','c9535c4da60d49c19fe660e36cfa24ac',0,'3203a466-e087-4722-bcb2-a58094d44e30','191ead5e-96f2-433c-a83f-ef5fc1c20177');
INSERT INTO clients VALUES('b6801960-8a8f-4e55-a953-34e483ef6d76','b1f391dab869430baf75669a76c3e814',0,'3203a466-e087-4722-bcb2-a58094d44e30','191ead5e-96f2-433c-a83f-ef5fc1c20177');
INSERT INTO clients VALUES('18f24d23-f2b4-4ec4-9b10-5c2c680ab56b','84d571f306e449b78892b450f4b7f198',0,'3203a466-e087-4722-bcb2-a58094d44e30','191ead5e-96f2-433c-a83f-ef5fc1c20177');
INSERT INTO clients VALUES('31fc3af3-6d14-4921-8416-b61739545383','cbe0521a3bf743fc92196a52674401d3',0,'3203a466-e087-4722-bcb2-a58094d44e30','191ead5e-96f2-433c-a83f-ef5fc1c20177');
INSERT INTO clients VALUES('20a33960-1d2a-494c-aea5-7df55084c2b4','660480c265844ddfb5b1971e6311ec6c',0,'3203a466-e087-4722-bcb2-a58094d44e30','191ead5e-96f2-433c-a83f-ef5fc1c20177');
INSERT INTO clients VALUES('5c72a4a7-c217-466f-802c-6e1a65709c97','9c6f3775d8eb4047bbb7cde2660916fc',0,'3203a466-e087-4722-bcb2-a58094d44e30','191ead5e-96f2-433c-a83f-ef5fc1c20177');
INSERT INTO clients VALUES('84275474-172f-4b0c-a84e-e1f67b61ad38','ffe1a04f711c41d18640828c7ccf0f6c',0,'3203a466-e087-4722-bcb2-a58094d44e30','191ead5e-96f2-433c-a83f-ef5fc1c20177');
INSERT INTO clients VALUES('510fd5ae-642a-40c2-8902-d7a97adee28a','a2a707ecdf6546c1a021efdc5b0828e7',0,'3203a466-e087-4722-bcb2-a58094d44e30','191ead5e-96f2-433c-a83f-ef5fc1c20177');
INSERT INTO clients VALUES('34604d1d-6bd5-41a5-916d-c526f5011bde','398c7260ac5f4c1d9a0603193a4fd95e',0,'3203a466-e087-4722-bcb2-a58094d44e30','191ead5e-96f2-433c-a83f-ef5fc1c20177');
INSERT INTO clients VALUES('360e7156-2d75-494b-a527-d275ee59714a','43756cfd6b8345f7bf555abe3226b152',0,'3203a466-e087-4722-bcb2-a58094d44e30','191ead5e-96f2-433c-a83f-ef5fc1c20177');
INSERT INTO clients VALUES('38a5fe61-e836-4baa-ae85-ad6161e4145f','427c59f01a8a4329b8331979ecdda917',0,'3203a466-e087-4722-bcb2-a58094d44e30','191ead5e-96f2-433c-a83f-ef5fc1c20177');
INSERT INTO clients VALUES('615a505e-9498-4a59-a82e-3d6ed31b353d','5d006246df0949ceae7c9fa164b9f161',0,'3203a466-e087-4722-bcb2-a58094d44e30','191ead5e-96f2-433c-a83f-ef5fc1c20177');
INSERT INTO clients VALUES('ca9b88df-4fc8-48d7-af01-4f41c3274fcf','3f809482d6474d0091b8cc8d2af0e37d',0,'3203a466-e087-4722-bcb2-a58094d44e30','191ead5e-96f2-433c-a83f-ef5fc1c20177');
INSERT INTO clients VALUES('f7ad6d26-b579-4f04-8fb8-71a6b97f4b62','49ef3144e834411391f6ac97fb2223de',0,'3203a466-e087-4722-bcb2-a58094d44e30','191ead5e-96f2-433c-a83f-ef5fc1c20177');
INSERT INTO clients VALUES('d9b24cd2-2216-48ab-9610-274a755b63a6','c808809801cc464b89390e40cd85ab6c',0,'3203a466-e087-4722-bcb2-a58094d44e30','191ead5e-96f2-433c-a83f-ef5fc1c20177');
INSERT INTO clients VALUES('9dc4ccf5-ab8f-4875-8c67-9b7dd9fbcf09','c44f6dbec52f48988a93129f2224d016',0,'3203a466-e087-4722-bcb2-a58094d44e30','191ead5e-96f2-433c-a83f-ef5fc1c20177');
INSERT INTO clients VALUES('f1507e0b-0f41-4a1b-8bbc-e395a5cac38e','44cda391489f493dbb90a568e4ee359a',0,'3203a466-e087-4722-bcb2-a58094d44e30','191ead5e-96f2-433c-a83f-ef5fc1c20177');
INSERT INTO clients VALUES('6513ccd8-81a1-4bf4-a0aa-4c54c8af28c0','c6a763786ef84c629327536fcf26b9c7',0,'3203a466-e087-4722-bcb2-a58094d44e30','191ead5e-96f2-433c-a83f-ef5fc1c20177');
INSERT INTO clients VALUES('c90681e8-180f-4063-9fe5-be44cf28be10','829c84fafa284f10b1d262eb10696acb',0,'3203a466-e087-4722-bcb2-a58094d44e30','191ead5e-96f2-433c-a83f-ef5fc1c20177');
INSERT INTO clients VALUES('4bc49de5-2f20-4af8-84b7-da216550b74a','639d6d731e354b268fa978871f508c89',0,'3203a466-e087-4722-bcb2-a58094d44e30','191ead5e-96f2-433c-a83f-ef5fc1c20177');
INSERT INTO clients VALUES('69708f29-3c62-4729-b70d-5f47b5fb7c17','33bdc598650f49c78c858ad3c1d7a1d0',0,'3203a466-e087-4722-bcb2-a58094d44e30','191ead5e-96f2-433c-a83f-ef5fc1c20177');
INSERT INTO clients VALUES('3e5671a7-93df-44f7-b775-da02145c4226','81e3e0436fd44170ab402e7a87c2cbef',0,'3203a466-e087-4722-bcb2-a58094d44e30','191ead5e-96f2-433c-a83f-ef5fc1c20177');
INSERT INTO clients VALUES('c31e9f19-ac52-488b-a2da-e19e43958d87','73127f6c60aa4decb70ade6304ae4b63',0,'3203a466-e087-4722-bcb2-a58094d44e30','191ead5e-96f2-433c-a83f-ef5fc1c20177');
INSERT INTO clients VALUES('2cab7dd3-0da3-4083-bdf3-26522a96d477','e8e991853cda411db5bd4deaf2bcc767',0,'3203a466-e087-4722-bcb2-a58094d44e30','191ead5e-96f2-433c-a83f-ef5fc1c20177');
INSERT INTO clients VALUES('ed34ca74-ead8-44b1-bf9e-2579fa38e2f0','fb0125bda38f420db57db75f06304b42',0,'3203a466-e087-4722-bcb2-a58094d44e30','191ead5e-96f2-433c-a83f-ef5fc1c20177');
INSERT INTO clients VALUES('c5fe2af3-0d66-4f8a-8da1-2bc8491f0697','a0d116fd3f064ef18233f246d2824456',0,'3203a466-e087-4722-bcb2-a58094d44e30','191ead5e-96f2-433c-a83f-ef5fc1c20177');
INSERT INTO clients VALUES('034fb81b-a61d-4b5e-b39e-a2c110606da3','01c36731fcee43c0a27ed5ce0ae007c9',0,'3203a466-e087-4722-bcb2-a58094d44e30','191ead5e-96f2-433c-a83f-ef5fc1c20177');
INSERT INTO clients VALUES('b8ceab20-ad2d-482a-a2a5-38914a0f4330','d13139266b51428fa18e21b4cef59ff2',0,'3203a466-e087-4722-bcb2-a58094d44e30','191ead5e-96f2-433c-a83f-ef5fc1c20177');
INSERT INTO clients VALUES('003ec15c-55a5-4075-897d-588dcb18729c','3f6e15e0c9cc493299637015f12ababf',0,'3203a466-e087-4722-bcb2-a58094d44e30','191ead5e-96f2-433c-a83f-ef5fc1c20177');
INSERT INTO clients VALUES('830172e0-64f1-4eba-a219-279900741c21','49d5b543eb5640bfb760fe4a3f301c46',0,'3203a466-e087-4722-bcb2-a58094d44e30','191ead5e-96f2-433c-a83f-ef5fc1c20177');
INSERT INTO clients VALUES('2eab1e75-d6c7-4f20-8209-f55a2f6be90a','f8b7219aae31498c8cb713b8287b123e',0,'3203a466-e087-4722-bcb2-a58094d44e30','191ead5e-96f2-433c-a83f-ef5fc1c20177');
INSERT INTO clients VALUES('d1d2047f-cfac-4e73-ba2b-d8dfa4bf7e3d','8ee85ef9e48f4df1b713b13a7828c5d3',0,'3203a466-e087-4722-bcb2-a58094d44e30','191ead5e-96f2-433c-a83f-ef5fc1c20177');
INSERT INTO clients VALUES('5186328e-3b86-4837-89dc-9118a4e67f06','0486d48afef544f09a90a1c443784ccb',0,'3203a466-e087-4722-bcb2-a58094d44e30','191ead5e-96f2-433c-a83f-ef5fc1c20177');
INSERT INTO clients VALUES('c728187a-2e79-4f75-9e88-ca17fb92c713','1d7762b84b7547ac940a33f808edc6de',0,'3203a466-e087-4722-bcb2-a58094d44e30','191ead5e-96f2-433c-a83f-ef5fc1c20177');
INSERT INTO clients VALUES('fe34466a-f753-446d-8348-9047c797e8a3','74d4f645e4804a88b17cd898f4624d54',0,'3203a466-e087-4722-bcb2-a58094d44e30','191ead5e-96f2-433c-a83f-ef5fc1c20177');
INSERT INTO clients VALUES('2e0cb037-9cd3-46c2-b794-cd102a12b15e','8eb9e1358eb84e77a2cc5afbabb41763',0,'3203a466-e087-4722-bcb2-a58094d44e30','191ead5e-96f2-433c-a83f-ef5fc1c20177');
INSERT INTO clients VALUES('6cf7f990-4ae3-4415-b64a-d565db0c16f4','b0165a19d96e400e8c6e385587a5855f',0,'3203a466-e087-4722-bcb2-a58094d44e30','191ead5e-96f2-433c-a83f-ef5fc1c20177');
INSERT INTO clients VALUES('ee29560c-35bc-4350-96da-95a10648a1ff','22ae38e2cb7146d39b1eaa436c3570a7',0,'3203a466-e087-4722-bcb2-a58094d44e30','191ead5e-96f2-433c-a83f-ef5fc1c20177');
INSERT INTO clients VALUES('db3af78f-7bad-405b-85ec-f9997d9f3967','ba9a7519335e4dfa9ff188e2949dd873',0,'3203a466-e087-4722-bcb2-a58094d44e30','191ead5e-96f2-433c-a83f-ef5fc1c20177');
INSERT INTO clients VALUES('eb81a1f8-795e-4a1f-99dc-6ca78644c8a5','c3db0ca6ef30440b87b306307fc3006a',0,'3203a466-e087-4722-bcb2-a58094d44e30','191ead5e-96f2-433c-a83f-ef5fc1c20177');
INSERT INTO clients VALUES('22907984-74ec-4810-b78f-6c3ae12eb635','d33f8a0ded56430289b4a242b2dc5f8f',0,'3203a466-e087-4722-bcb2-a58094d44e30','191ead5e-96f2-433c-a83f-ef5fc1c20177');
INSERT INTO clients VALUES('e7cc0a62-5ae0-4fba-a53e-44a54f382f2a','e697ab13d7f044fb975313675acb7a25',0,'3203a466-e087-4722-bcb2-a58094d44e30','191ead5e-96f2-433c-a83f-ef5fc1c20177');
INSERT INTO clients VALUES('df2ac7de-d754-4c0a-8c50-ce2db5d42710','c201e25734804e32b8ddb53cce41d3a9',0,'3203a466-e087-4722-bcb2-a58094d44e30','191ead5e-96f2-433c-a83f-ef5fc1c20177');
INSERT INTO clients VALUES('6497a3e3-9ab9-4ba7-a827-7425681a4ef1','af842bc7d2a141a5ac4297990610ab65',0,'3203a466-e087-4722-bcb2-a58094d44e30','191ead5e-96f2-433c-a83f-ef5fc1c20177');
INSERT INTO clients VALUES('124ba381-d30a-4107-b11c-0427cd17a2db','761d68ce26d34bb5a231d4bf438b20b4',0,'3203a466-e087-4722-bcb2-a58094d44e30','191ead5e-96f2-433c-a83f-ef5fc1c20177');
INSERT INTO clients VALUES('ec2cd664-4003-4280-a515-59f428fb5773','b315e91eadf94c73b78d7c9b26d8091b',0,'3203a466-e087-4722-bcb2-a58094d44e30','191ead5e-96f2-433c-a83f-ef5fc1c20177');
INSERT INTO clients VALUES('f38cf1e8-2737-43c4-a2e4-0f267764e0e0','226b8c7d17894d809c1ff61aecf245c8',0,'3203a466-e087-4722-bcb2-a58094d44e30','191ead5e-96f2-433c-a83f-ef5fc1c20177');
INSERT INTO clients VALUES('485cd227-2a90-4f01-b5dc-21025b8aa8ab','d83930b998c94211b7907e4482301a09',0,'3203a466-e087-4722-bcb2-a58094d44e30','191ead5e-96f2-433c-a83f-ef5fc1c20177');
INSERT INTO clients VALUES('d99c716f-df3d-4df9-8f19-f9faa6379395','e617a231e8ef4113a29234a459753e29',0,'3203a466-e087-4722-bcb2-a58094d44e30','191ead5e-96f2-433c-a83f-ef5fc1c20177');
INSERT INTO clients VALUES('0c071897-f762-493b-a989-675e95f49c6c','92d255d2b6ed4b3c9c2d2f950c347216',0,'3203a466-e087-4722-bcb2-a58094d44e30','191ead5e-96f2-433c-a83f-ef5fc1c20177');
INSERT INTO clients VALUES('e917bd54-b43d-4fd6-855e-4b63baa9899d','1df23ec529ab4643ad73e0acca67b91d',0,'3203a466-e087-4722-bcb2-a58094d44e30','191ead5e-96f2-433c-a83f-ef5fc1c20177');
INSERT INTO clients VALUES('5578c4eb-7fcd-4e9d-98d9-dbd342b095f8','28f33cd31ed44117bc8760daff37793c',0,'3203a466-e087-4722-bcb2-a58094d44e30','191ead5e-96f2-433c-a83f-ef5fc1c20177');
INSERT INTO clients VALUES('df34d48c-8f58-4661-94e4-47ac07a48a52','bafdcf36e1bb44faa5574611417a6af6',0,'3203a466-e087-4722-bcb2-a58094d44e30','191ead5e-96f2-433c-a83f-ef5fc1c20177');
INSERT INTO clients VALUES('076b5ef5-34b6-42f5-b626-40488095f13a','16ae474b6e1a4f3a82ec9033c972bf78',0,'3203a466-e087-4722-bcb2-a58094d44e30','191ead5e-96f2-433c-a83f-ef5fc1c20177');
INSERT INTO clients VALUES('f528e035-c5c2-462d-b21b-0b1364c3009b','d82341348c45407c87c51b4e0980d357',0,'3203a466-e087-4722-bcb2-a58094d44e30','191ead5e-96f2-433c-a83f-ef5fc1c20177');
INSERT INTO clients VALUES('3a394733-d079-4109-a24e-68e020a6b695','3bdcc1bd5ef545468ddaf86b2e759a5c',0,'3203a466-e087-4722-bcb2-a58094d44e30','191ead5e-96f2-433c-a83f-ef5fc1c20177');
INSERT INTO clients VALUES('d49d5bd7-c660-4f42-834f-95a3041565f8','1382702ea00849cb8cd91815f0e42db1',0,'3203a466-e087-4722-bcb2-a58094d44e30','191ead5e-96f2-433c-a83f-ef5fc1c20177');
INSERT INTO clients VALUES('02ae1da8-9008-4dd9-89bd-74bc639a3fc5','9e17be7cc45145ebaa6bb3621e2ac63c',0,'3203a466-e087-4722-bcb2-a58094d44e30','191ead5e-96f2-433c-a83f-ef5fc1c20177');
INSERT INTO clients VALUES('4bc27809-5d3a-4b65-a1e7-5b4a11aa68bd','1066e5f9b8b14addab0abe6a15d457b1',0,'3203a466-e087-4722-bcb2-a58094d44e30','191ead5e-96f2-433c-a83f-ef5fc1c20177');
INSERT INTO clients VALUES('731c8dbd-45dd-4303-b347-0752f33f1ae4','e89d3ffef7964eefb4c666ef4bb90f8c',0,'3203a466-e087-4722-bcb2-a58094d44e30','191ead5e-96f2-433c-a83f-ef5fc1c20177');
INSERT INTO clients VALUES('6d3473e8-5dbb-4118-aa2d-abccafd2b3c9','63a646f5124f41a2a1e62e41ff2067e3',0,'3203a466-e087-4722-bcb2-a58094d44e30','191ead5e-96f2-433c-a83f-ef5fc1c20177');
INSERT INTO clients VALUES('6e26389d-73d4-4020-b1ff-e00eb11962bf','5c10862a521049cb85f0b5403a730d35',0,'3203a466-e087-4722-bcb2-a58094d44e30','191ead5e-96f2-433c-a83f-ef5fc1c20177');
INSERT INTO clients VALUES('d8eb9fad-1a51-4306-9b3c-77f6d99e3e78','bcb3b6597c0943b0874e18e9ed544ade',0,'3203a466-e087-4722-bcb2-a58094d44e30','191ead5e-96f2-433c-a83f-ef5fc1c20177');
INSERT INTO clients VALUES('9a59b65a-642f-4b0e-998d-f283c5a6d2f8','f59904c66ce0461793cac54a0f8cb759',0,'3203a466-e087-4722-bcb2-a58094d44e30','191ead5e-96f2-433c-a83f-ef5fc1c20177');
INSERT INTO clients VALUES('da604529-4b58-41e2-8eff-1abfd56ee27f','98b0a893366342b18442f2dbca0d45cf',0,'3203a466-e087-4722-bcb2-a58094d44e30','191ead5e-96f2-433c-a83f-ef5fc1c20177');
INSERT INTO clients VALUES('6a4ee417-843c-4b71-8da6-0eaaa0b520a5','71c5402cc2134179b40ecd6f38fcad1d',0,'3203a466-e087-4722-bcb2-a58094d44e30','191ead5e-96f2-433c-a83f-ef5fc1c20177');
INSERT INTO clients VALUES('c43e6524-b948-4c2f-b716-9096390d739e','8092a79acee94155a3491fec0d37159c',0,'3203a466-e087-4722-bcb2-a58094d44e30','191ead5e-96f2-433c-a83f-ef5fc1c20177');
INSERT INTO clients VALUES('f7bbf0ed-dc03-4a74-a201-e416b4e9fb0f','ad7ed82f939543c59929412763b4ad19',0,'3203a466-e087-4722-bcb2-a58094d44e30','191ead5e-96f2-433c-a83f-ef5fc1c20177');
INSERT INTO clients VALUES('03cff96c-f0fc-4ac2-8404-48568f1486f9','5286aa0d7d7841bdad0f670f958862dc',0,'3203a466-e087-4722-bcb2-a58094d44e30','191ead5e-96f2-433c-a83f-ef5fc1c20177');
INSERT INTO clients VALUES('3c21f449-0b2a-4caf-aec9-02d184b5bf26','5ba18a9b68944fd68e31ae86e988ce83',0,'3203a466-e087-4722-bcb2-a58094d44e30','191ead5e-96f2-433c-a83f-ef5fc1c20177');
INSERT INTO clients VALUES('891b6d2c-d55b-4f5e-b12d-af7ac2c4685c','b28997c472864916a07a4ab22c98e35a',0,'3203a466-e087-4722-bcb2-a58094d44e30','191ead5e-96f2-433c-a83f-ef5fc1c20177');
INSERT INTO clients VALUES('11fd3b25-0a5c-4f21-8efe-b96eab85a5ba','a7eb10db5af142369404d5fcb6c7b114',0,'3203a466-e087-4722-bcb2-a58094d44e30','191ead5e-96f2-433c-a83f-ef5fc1c20177');
INSERT INTO clients VALUES('05138fed-06c1-41e2-9888-164bca9d7ef0','bf7f6af8293e46f68ef624a7cea37d79',0,'3203a466-e087-4722-bcb2-a58094d44e30','191ead5e-96f2-433c-a83f-ef5fc1c20177');
INSERT INTO clients VALUES('5b81e3eb-a37f-44bf-a382-3601014c9721','91e04dff9cd345339e9b6987e9c27884',0,'3203a466-e087-4722-bcb2-a58094d44e30','191ead5e-96f2-433c-a83f-ef5fc1c20177');
INSERT INTO clients VALUES('f7558a4a-950a-46d3-8bdf-7c08e79b2820','dbfec83611794dc49d9817bd96182d1f',0,'3203a466-e087-4722-bcb2-a58094d44e30','191ead5e-96f2-433c-a83f-ef5fc1c20177');
INSERT INTO clients VALUES('a4dc31f0-2bee-4cce-b651-364859fd0e71','31cdd8e493d9414aa3f9ab830040ecc8',0,'3203a466-e087-4722-bcb2-a58094d44e30','191ead5e-96f2-433c-a83f-ef5fc1c20177');
INSERT INTO clients VALUES('f1c6b2fe-f0fd-494d-ad41-f0691183d794','6cb4ce56dc5345e5a789ce6633510b99',0,'3203a466-e087-4722-bcb2-a58094d44e30','191ead5e-96f2-433c-a83f-ef5fc1c20177');
INSERT INTO clients VALUES('39ba22b5-afc0-4fcc-b9d3-8340cef3ea17','c57b531f22a24f2bb1e3663b1acbdcba',0,'3203a466-e087-4722-bcb2-a58094d44e30','191ead5e-96f2-433c-a83f-ef5fc1c20177');
INSERT INTO clients VALUES('cc483aec-6198-46f3-a9d3-b97f05229f53','1e23b04bb7f7487f91f93517f9741f36',0,'3203a466-e087-4722-bcb2-a58094d44e30','191ead5e-96f2-433c-a83f-ef5fc1c20177');
INSERT INTO clients VALUES('826c7baf-8efa-455a-aac4-9e43f369fec7','f3507b8ad5a546148eaf6e5f6c4a7a6a',0,'3203a466-e087-4722-bcb2-a58094d44e30','191ead5e-96f2-433c-a83f-ef5fc1c20177');
INSERT INTO clients VALUES('5c642ad1-c35d-4cad-b73c-8d41bf6b44c3','7ac6de3b86374edda31f073847a4af5e',0,'3203a466-e087-4722-bcb2-a58094d44e30','191ead5e-96f2-433c-a83f-ef5fc1c20177');
INSERT INTO clients VALUES('5f47df93-2888-4371-935f-b63fe81e8f8a','3231cfc3b6904f22a83c0d746b2fad70',0,'3203a466-e087-4722-bcb2-a58094d44e30','191ead5e-96f2-433c-a83f-ef5fc1c20177');
INSERT INTO clients VALUES('7e55c5d1-d79a-417c-9e50-e3054fc2cf33','e6e0cc1b05504ada98281a2f00209191',0,'3203a466-e087-4722-bcb2-a58094d44e30','191ead5e-96f2-433c-a83f-ef5fc1c20177');
INSERT INTO clients VALUES('380659f4-feb3-4ec4-be5f-976093604c47','c2cbba0c768a4f88ac6553863b73f395',0,'3203a466-e087-4722-bcb2-a58094d44e30','191ead5e-96f2-433c-a83f-ef5fc1c20177');
INSERT INTO clients VALUES('c5bbbe9a-0c49-4d4a-8fa6-8c4081cf8e67','4bee638efcfb4d4e9d22242e6b2e7210',0,'3203a466-e087-4722-bcb2-a58094d44e30','191ead5e-96f2-433c-a83f-ef5fc1c20177');
INSERT INTO clients VALUES('ed282788-17c1-4064-91f4-ce17bc264738','b374024ea1a7439cbf11d0890fd7283f',0,'3203a466-e087-4722-bcb2-a58094d44e30','191ead5e-96f2-433c-a83f-ef5fc1c20177');
INSERT INTO clients VALUES('69709b80-3618-445d-9c0b-81b54568789e','1b0d2c4d86084649a4cebbc4f29ff6f2',0,'3203a466-e087-4722-bcb2-a58094d44e30','191ead5e-96f2-433c-a83f-ef5fc1c20177');
INSERT INTO clients VALUES('31412539-129d-4c91-9922-9dffebc9c017','e6e2a91a94c8417a82322877aa525c5c',0,'3203a466-e087-4722-bcb2-a58094d44e30','191ead5e-96f2-433c-a83f-ef5fc1c20177');
INSERT INTO clients VALUES('6665bd84-7257-4aa6-bee6-feb37a3f045e','59c5ed6736a5471c8c36e20d536384f4',0,'3203a466-e087-4722-bcb2-a58094d44e30','191ead5e-96f2-433c-a83f-ef5fc1c20177');
INSERT INTO clients VALUES('fa127fc1-ad2e-4a92-9871-3e0c8935761d','c38da60ef36b4b2298626016f8cc04d8',0,'3203a466-e087-4722-bcb2-a58094d44e30','191ead5e-96f2-433c-a83f-ef5fc1c20177');
INSERT INTO clients VALUES('9166c355-327f-4637-8b27-058e4fc6346a','522e9c28063f4e94834790dac02ff221',0,'3203a466-e087-4722-bcb2-a58094d44e30','191ead5e-96f2-433c-a83f-ef5fc1c20177');
INSERT INTO clients VALUES('3ee00c11-2556-4405-9156-4ab6b0ca357a','be10e5d264264c678812db0db93efcfa',0,'3203a466-e087-4722-bcb2-a58094d44e30','191ead5e-96f2-433c-a83f-ef5fc1c20177');
INSERT INTO clients VALUES('fbf8f378-c5b8-4b1f-b8e3-8adcf1f00fac','75efdc7d30ea4384ba1c7a6097350026',0,'3203a466-e087-4722-bcb2-a58094d44e30','191ead5e-96f2-433c-a83f-ef5fc1c20177');
INSERT INTO clients VALUES('ecb33e68-6919-46ad-a323-19b5c17201f3','36eb0cf7fe7149ffa0249f369cf1798b',0,'3203a466-e087-4722-bcb2-a58094d44e30','191ead5e-96f2-433c-a83f-ef5fc1c20177');
INSERT INTO clients VALUES('3bba2c37-f1fd-4fac-b9d1-a51f6037409e','f6a7ae517827455f9362d8ac0d064d65',0,'3203a466-e087-4722-bcb2-a58094d44e30','191ead5e-96f2-433c-a83f-ef5fc1c20177');
INSERT INTO clients VALUES('2031dc82-88b9-4974-83cd-0dd6437e64c4','91b6590c345a4906bf82d32daf322612',0,'3203a466-e087-4722-bcb2-a58094d44e30','191ead5e-96f2-433c-a83f-ef5fc1c20177');
INSERT INTO clients VALUES('d1bb1418-83fd-4387-ae1d-6b1cbe0f5009','46102da0f1b44043ae5e49c844267084',0,'3203a466-e087-4722-bcb2-a58094d44e30','191ead5e-96f2-433c-a83f-ef5fc1c20177');
INSERT INTO clients VALUES('c51cb7ed-bde2-400c-b1b9-f7f32434071f','9a2d405a910c4106b44ebf2ff7c98d2b',0,'3203a466-e087-4722-bcb2-a58094d44e30','191ead5e-96f2-433c-a83f-ef5fc1c20177');
INSERT INTO clients VALUES('05611f13-fb4f-4c60-847d-5602683587a5','22bd759602dc42fa9b91604313e7957d',0,'3203a466-e087-4722-bcb2-a58094d44e30','191ead5e-96f2-433c-a83f-ef5fc1c20177');
INSERT INTO clients VALUES('0f4bc141-8652-4a2a-8c48-8dc4b1a1df64','564871b8412c4994a6325c1853757877',0,'3203a466-e087-4722-bcb2-a58094d44e30','191ead5e-96f2-433c-a83f-ef5fc1c20177');
INSERT INTO clients VALUES('03550b15-edce-4836-bb1c-d4661193a671','8d581ccc6d0340548c9e77e57608eda5',0,'3203a466-e087-4722-bcb2-a58094d44e30','191ead5e-96f2-433c-a83f-ef5fc1c20177');
INSERT INTO clients VALUES('cd935b9d-33f9-4985-b986-1169ce4f6dcf','54aa73265b814d7c877f738019088b8a',0,'3203a466-e087-4722-bcb2-a58094d44e30','191ead5e-96f2-433c-a83f-ef5fc1c20177');
INSERT INTO clients VALUES('a5595cfb-32f6-41c9-b564-0417f1760a09','aaf7888875ac457ab52a1c84a6e783be',0,'3203a466-e087-4722-bcb2-a58094d44e30','191ead5e-96f2-433c-a83f-ef5fc1c20177');
INSERT INTO clients VALUES('dae50c3c-4418-4817-b891-5c2b1f711074','0bbac303d7274743ad5b715d0b167270',0,'3203a466-e087-4722-bcb2-a58094d44e30','191ead5e-96f2-433c-a83f-ef5fc1c20177');
INSERT INTO clients VALUES('ee7ab425-115f-4992-ba58-a5ea88138181','d8f08a0d913e4f2f8bf9950d2e3e517f',0,'3203a466-e087-4722-bcb2-a58094d44e30','191ead5e-96f2-433c-a83f-ef5fc1c20177');
INSERT INTO clients VALUES('985ac1ab-ed8c-4b09-993d-9a0b62a681c6','4aa38d655d0b486ab97d31682cc06c10',0,'3203a466-e087-4722-bcb2-a58094d44e30','191ead5e-96f2-433c-a83f-ef5fc1c20177');
INSERT INTO clients VALUES('5f1a183e-e097-4706-bc30-b7d457f910cc','77e2f260b4e749a48c3ec5a69956eb54',0,'3203a466-e087-4722-bcb2-a58094d44e30','191ead5e-96f2-433c-a83f-ef5fc1c20177');
INSERT INTO clients VALUES('075d3476-986f-43aa-825c-1e8bdc8983b3','b18d3599654e4ff081c8aa949c253beb',0,'3203a466-e087-4722-bcb2-a58094d44e30','191ead5e-96f2-433c-a83f-ef5fc1c20177');
INSERT INTO clients VALUES('6094e7b9-fed7-47b7-a92a-82d1ef4fbb1e','2c955ffff24e4248bd81f3b96addd79a',0,'3203a466-e087-4722-bcb2-a58094d44e30','191ead5e-96f2-433c-a83f-ef5fc1c20177');
INSERT INTO clients VALUES('9d335542-2e9c-40c7-9786-325b537a17c7','859ae415f9e94817973fdc5789621b29',0,'3203a466-e087-4722-bcb2-a58094d44e30','191ead5e-96f2-433c-a83f-ef5fc1c20177');
INSERT INTO clients VALUES('21e2cc56-3518-4fdc-87b8-42bfe599526a','6e65834447fc49d382f5b0c211dd4afd',0,'3203a466-e087-4722-bcb2-a58094d44e30','191ead5e-96f2-433c-a83f-ef5fc1c20177');
INSERT INTO clients VALUES('2121305e-d312-48c3-b8c2-1b08db32f0b2','81b9ff74fc454082b3360a149c886ef6',0,'3203a466-e087-4722-bcb2-a58094d44e30','191ead5e-96f2-433c-a83f-ef5fc1c20177');
INSERT INTO clients VALUES('76112440-8c72-4699-b358-e45ef2b3b037','12b20fdd1ed1414ea6bab5bbd9792f1f',0,'3203a466-e087-4722-bcb2-a58094d44e30','191ead5e-96f2-433c-a83f-ef5fc1c20177');
INSERT INTO clients VALUES('a8d8ea59-3980-46a4-a4e1-83441d65a34a','39ab8e8fde9d4bdd98abd15fc3006321',0,'3203a466-e087-4722-bcb2-a58094d44e30','191ead5e-96f2-433c-a83f-ef5fc1c20177');
INSERT INTO clients VALUES('10ce2535-0b73-40cd-b95c-f2452e560c46','235f215d0e8e4045a2e87df3858a66fd',0,'3203a466-e087-4722-bcb2-a58094d44e30','191ead5e-96f2-433c-a83f-ef5fc1c20177');
INSERT INTO clients VALUES('ab9084e6-d3e9-4d6c-8d81-ff332f9f5cee','d7209d74dbf54602b2ad033d19520ba7',0,'3203a466-e087-4722-bcb2-a58094d44e30','191ead5e-96f2-433c-a83f-ef5fc1c20177');
INSERT INTO clients VALUES('d2d99886-07c4-4fce-b177-64a72c452810','2429ed16e4f74b0cb73732d16d5f614d',0,'3203a466-e087-4722-bcb2-a58094d44e30','191ead5e-96f2-433c-a83f-ef5fc1c20177');
INSERT INTO clients VALUES('fe885d0c-517f-4c71-8d20-84821ca4f1d1','78f8c5b14498424797ca12b7d2c56b68',0,'3203a466-e087-4722-bcb2-a58094d44e30','191ead5e-96f2-433c-a83f-ef5fc1c20177');
INSERT INTO clients VALUES('dfc112df-a531-4c64-8606-881c9ff1cbce','7eb0f0763e1e49c28f353c78f32ee9df',0,'3203a466-e087-4722-bcb2-a58094d44e30','191ead5e-96f2-433c-a83f-ef5fc1c20177');
INSERT INTO clients VALUES('b476ff6f-1288-41d0-8797-48ca67e33bc9','1459ab3d40dc444c8cf09545e98f92ae',0,'3203a466-e087-4722-bcb2-a58094d44e30','191ead5e-96f2-433c-a83f-ef5fc1c20177');
INSERT INTO clients VALUES('5c3dc37c-4986-4bb1-a495-e28ff2a9be1e','b721ff0f3fc340ffb4be55ffa97d7329',0,'3203a466-e087-4722-bcb2-a58094d44e30','191ead5e-96f2-433c-a83f-ef5fc1c20177');
INSERT INTO clients VALUES('24cbcfce-47a1-4613-9d59-065332c3f825','3fa7b100145f4d09bbeed7ef4d8c9f1e',0,'3203a466-e087-4722-bcb2-a58094d44e30','191ead5e-96f2-433c-a83f-ef5fc1c20177');
INSERT INTO clients VALUES('f084700e-ed76-4e39-ab0d-e72da8b89f3c','43d961508a44440baebde68b7a8ec5c0',0,'3203a466-e087-4722-bcb2-a58094d44e30','191ead5e-96f2-433c-a83f-ef5fc1c20177');
INSERT INTO clients VALUES('c172ce34-a6f2-4cab-9cb9-fb954d204062','d4248e8505124ccf9a399bc3e97d4d76',0,'3203a466-e087-4722-bcb2-a58094d44e30','191ead5e-96f2-433c-a83f-ef5fc1c20177');
INSERT INTO clients VALUES('89e98ae7-5a87-4885-93c4-5bb05ac8a870','515f162c3e274726a1f1a99295bc4ba5',0,'3203a466-e087-4722-bcb2-a58094d44e30','191ead5e-96f2-433c-a83f-ef5fc1c20177');
INSERT INTO clients VALUES('2eebaedd-0239-45bc-b9c8-0f1d0b472218','0531a1d70d5d4dda8ab71f851b2b18aa',0,'3203a466-e087-4722-bcb2-a58094d44e30','191ead5e-96f2-433c-a83f-ef5fc1c20177');
INSERT INTO clients VALUES('a9f97adc-c314-4767-80de-a645ebc4189f','8620bfaacdc14b8597c8349730b49246',0,'3203a466-e087-4722-bcb2-a58094d44e30','191ead5e-96f2-433c-a83f-ef5fc1c20177');
INSERT INTO clients VALUES('8a524fc2-c045-42db-9516-36ec21afba05','9c72cc5b7e234253862265640402d8a0',0,'3203a466-e087-4722-bcb2-a58094d44e30','191ead5e-96f2-433c-a83f-ef5fc1c20177');
INSERT INTO clients VALUES('54f6e433-326d-4db6-af75-55483bc69895','3e057980beec40d3969bbbb3e8060a95',0,'3203a466-e087-4722-bcb2-a58094d44e30','191ead5e-96f2-433c-a83f-ef5fc1c20177');
INSERT INTO clients VALUES('264093c8-74fa-41ec-9c74-be299f5cf63f','d5676a0307aa4cb7a11448045e4381ba',0,'3203a466-e087-4722-bcb2-a58094d44e30','191ead5e-96f2-433c-a83f-ef5fc1c20177');
INSERT INTO clients VALUES('5c7483dd-92df-4e61-9a42-483e9f627d56','c7b860501d0d442383ecd43d848ff319',0,'3203a466-e087-4722-bcb2-a58094d44e30','191ead5e-96f2-433c-a83f-ef5fc1c20177');
INSERT INTO clients VALUES('bc09e40e-4e5c-4b8f-84c9-725d12e1b8dc','95e7877611004a338464d6e24a1fc3f2',0,'3203a466-e087-4722-bcb2-a58094d44e30','191ead5e-96f2-433c-a83f-ef5fc1c20177');
INSERT INTO clients VALUES('1a574a70-8b2e-4cc8-b749-55f02dbf724e','8d70d83411884574a11333801984a09a',0,'3203a466-e087-4722-bcb2-a58094d44e30','191ead5e-96f2-433c-a83f-ef5fc1c20177');
INSERT INTO clients VALUES('86b7b66c-7639-42ed-8042-83c56df474b4','6531484021a043f49a330f7c6d3230b8',0,'3203a466-e087-4722-bcb2-a58094d44e30','191ead5e-96f2-433c-a83f-ef5fc1c20177');
INSERT INTO clients VALUES('0cd27036-eca7-4a86-8081-4f7e0515fe16','139ca1ad3b20470c945b79700577d83c',0,'3203a466-e087-4722-bcb2-a58094d44e30','191ead5e-96f2-433c-a83f-ef5fc1c20177');
INSERT INTO clients VALUES('645f09f3-1d5d-4f6e-827d-95e2d1d6ea4b','7fe7d9b5eabd4691b6b9cfa098ad885e',0,'3203a466-e087-4722-bcb2-a58094d44e30','191ead5e-96f2-433c-a83f-ef5fc1c20177');
INSERT INTO clients VALUES('6d8cc2d7-6ea7-42a4-8025-c31fe2c804fb','492c81e4c549484ab39ce6a5663284ef',0,'3203a466-e087-4722-bcb2-a58094d44e30','191ead5e-96f2-433c-a83f-ef5fc1c20177');
INSERT INTO clients VALUES('deb55ff8-81cd-4a2b-a0b0-7f4df90562f5','938398b4028f4e25be7e348830edc931',0,'3203a466-e087-4722-bcb2-a58094d44e30','191ead5e-96f2-433c-a83f-ef5fc1c20177');
INSERT INTO clients VALUES('4b093b4d-bfe1-4e2b-b175-7a8fb724e449','9ef6be1951bb4c59a8e7f9429b1202ee',0,'3203a466-e087-4722-bcb2-a58094d44e30','191ead5e-96f2-433c-a83f-ef5fc1c20177');
INSERT INTO clients VALUES('4ddf2f02-1641-465f-b1ff-411bfdb6d333','f214dfcadef94855a522c9c9e60746f4',0,'3203a466-e087-4722-bcb2-a58094d44e30','191ead5e-96f2-433c-a83f-ef5fc1c20177');
INSERT INTO clients VALUES('4d8cbf04-3ce3-4503-9024-3de91b77d31b','caa6cf2c4c5042bbb2a9c5edd0fed3e5',0,'3203a466-e087-4722-bcb2-a58094d44e30','191ead5e-96f2-433c-a83f-ef5fc1c20177');
INSERT INTO clients VALUES('bf209b83-3165-44ac-927c-c7f802a6efb2','79b9db018edb430cb88c7ef491cf3201',0,'3203a466-e087-4722-bcb2-a58094d44e30','191ead5e-96f2-433c-a83f-ef5fc1c20177');
INSERT INTO clients VALUES('9b935cb7-6858-4b2d-9226-0cdbb6cb56b6','53a57c6288cf4fe98c90b8b3b5eed4a8',0,'3203a466-e087-4722-bcb2-a58094d44e30','191ead5e-96f2-433c-a83f-ef5fc1c20177');
INSERT INTO clients VALUES('22ec7ec6-00eb-44b2-bf3a-8f3fa4c6581b','4e44c411977e4e24967f7fde7a37a077',0,'3203a466-e087-4722-bcb2-a58094d44e30','191ead5e-96f2-433c-a83f-ef5fc1c20177');
INSERT INTO clients VALUES('8012e3e4-8201-41f0-9c9a-95a4d14b19ec','540abe0ba69e4621bc0593ca513d9157',0,'3203a466-e087-4722-bcb2-a58094d44e30','191ead5e-96f2-433c-a83f-ef5fc1c20177');
INSERT INTO clients VALUES('6f60f2da-5f1d-4f7c-972f-1df1ab2381d6','07ba7dfb84004503b6c4e4019f3a5cc4',0,'3203a466-e087-4722-bcb2-a58094d44e30','191ead5e-96f2-433c-a83f-ef5fc1c20177');
INSERT INTO clients VALUES('e385483b-ff1a-431e-b9dc-ad3a24168a70','a82ae43405094fd4b3b2e59f1635da40',0,'3203a466-e087-4722-bcb2-a58094d44e30','191ead5e-96f2-433c-a83f-ef5fc1c20177');
INSERT INTO clients VALUES('197e81cd-a23f-4bfb-9876-4adc701cb92f','b918b37853bb45759990689121418b62',0,'3203a466-e087-4722-bcb2-a58094d44e30','191ead5e-96f2-433c-a83f-ef5fc1c20177');
INSERT INTO clients VALUES('f88d093d-f4d4-4ac5-8ea8-f68cafb94dc1','aa8e55f0806d41dd96833ac973a042ef',0,'3203a466-e087-4722-bcb2-a58094d44e30','191ead5e-96f2-433c-a83f-ef5fc1c20177');
INSERT INTO clients VALUES('c8e06098-753d-43dc-a452-8afc59c976fd','1d09d21db6854ec9ab49fc16aad46381',0,'3203a466-e087-4722-bcb2-a58094d44e30','191ead5e-96f2-433c-a83f-ef5fc1c20177');
INSERT INTO clients VALUES('38141e0d-a4be-43bf-bfa6-1443ca03b0b3','22f91c198dc84f1f98f412d4766a8ebc',0,'3203a466-e087-4722-bcb2-a58094d44e30','191ead5e-96f2-433c-a83f-ef5fc1c20177');
INSERT INTO clients VALUES('4e0f7c31-9198-46a5-917f-66940b984898','d5355aa61dc24fdea527303662822452',0,'3203a466-e087-4722-bcb2-a58094d44e30','191ead5e-96f2-433c-a83f-ef5fc1c20177');
INSERT INTO clients VALUES('b31f047c-7e03-4331-89dd-ce4d8c704693','38d678cb92db4736b66d83bba19a55a1',0,'3203a466-e087-4722-bcb2-a58094d44e30','191ead5e-96f2-433c-a83f-ef5fc1c20177');
INSERT INTO clients VALUES('18e6118e-6b52-4f43-bf1b-54405bcc7a37','9dc105c0991c478dbdff14dd91729a24',0,'3203a466-e087-4722-bcb2-a58094d44e30','191ead5e-96f2-433c-a83f-ef5fc1c20177');
INSERT INTO clients VALUES('30c58a69-cd20-434b-ae62-c06c92ec3b9a','846033c6185b4344a9bc07fcbabc52e7',0,'3203a466-e087-4722-bcb2-a58094d44e30','191ead5e-96f2-433c-a83f-ef5fc1c20177');
INSERT INTO clients VALUES('42d7ce1d-b49d-4210-93fb-33ac5aa0bae9','80f9e21c8fb94c739f12f95e75d796cc',0,'3203a466-e087-4722-bcb2-a58094d44e30','191ead5e-96f2-433c-a83f-ef5fc1c20177');
INSERT INTO clients VALUES('0b9559c5-74e2-47e4-a856-3c52d5ed2cda','bbe93ce4a4534ab4b56f6897eaceff37',0,'3203a466-e087-4722-bcb2-a58094d44e30','191ead5e-96f2-433c-a83f-ef5fc1c20177');

INSERT INTO clients VALUES('89d38d90-7d50-4861-bf81-c9a01ea7b207','bd5413dce4ac49d48024edf9bbb56e6a',0,'02a38a6a-0128-4128-94dc-6c4a87c62b54','81a0cad3-ee6c-4955-9265-62f86b1668b0');
INSERT INTO clients VALUES('23bffa3d-ed52-4834-8a51-6b80e5d22535','09fadd36b65a470f8dc3d999fe929e3a',0,'02a38a6a-0128-4128-94dc-6c4a87c62b54','81a0cad3-ee6c-4955-9265-62f86b1668b0');
INSERT INTO clients VALUES('5fc8b4ae-0caa-4198-8ec2-cbd70065cebf','ba0b56c5078e4ba5b815824956eb90fc',0,'02a38a6a-0128-4128-94dc-6c4a87c62b54','81a0cad3-ee6c-4955-9265-62f86b1668b0');
INSERT INTO clients VALUES('2353eb58-16a6-4c56-9796-88ad933f490a','4c14c6879edb48d395295652709ae06d',0,'02a38a6a-0128-4128-94dc-6c4a87c62b54','81a0cad3-ee6c-4955-9265-62f86b1668b0');
INSERT INTO clients VALUES('f489e5d2-cc40-41e6-babb-3d1a73d5c3ac','c04ad01c84df4793a1dae04199067127',0,'02a38a6a-0128-4128-94dc-6c4a87c62b54','81a0cad3-ee6c-4955-9265-62f86b1668b0');
INSERT INTO clients VALUES('99b52888-21c8-4818-a955-565d232e276a','59e41143d3e94ad2b0b61f6edc07dc06',0,'02a38a6a-0128-4128-94dc-6c4a87c62b54','81a0cad3-ee6c-4955-9265-62f86b1668b0');
INSERT INTO clients VALUES('ea572f6c-691c-4054-8f22-476796b1c1ad','7e353a4e9e0f48179b1d77f51ee6d6d6',0,'02a38a6a-0128-4128-94dc-6c4a87c62b54','81a0cad3-ee6c-4955-9265-62f86b1668b0');
INSERT INTO clients VALUES('a83b55ba-f908-4708-bdb3-1c8491c38665','e9b724df8d454c0ea701275aee71e755',0,'02a38a6a-0128-4128-94dc-6c4a87c62b54','81a0cad3-ee6c-4955-9265-62f86b1668b0');
INSERT INTO clients VALUES('817ec8f1-fa9a-46c0-ad1c-681ff45d5570','e524bc84bf5444d8ae5e4f67a7ef7293',0,'02a38a6a-0128-4128-94dc-6c4a87c62b54','81a0cad3-ee6c-4955-9265-62f86b1668b0');
INSERT INTO clients VALUES('5f35f482-4ec4-44df-a8db-c936f96f3f98','726eeea1f73a4d14a18bf99fa8e08469',0,'02a38a6a-0128-4128-94dc-6c4a87c62b54','81a0cad3-ee6c-4955-9265-62f86b1668b0');
INSERT INTO clients VALUES('5db5b864-7b3c-488c-b5a3-d4750d8a89ce','8133b08ed8c9490b9b2662305ed6e5c2',0,'02a38a6a-0128-4128-94dc-6c4a87c62b54','81a0cad3-ee6c-4955-9265-62f86b1668b0');
INSERT INTO clients VALUES('0f2c9110-d9af-464d-b096-423055c17a53','9d620874dac542268b347eb3d3ef604e',0,'02a38a6a-0128-4128-94dc-6c4a87c62b54','81a0cad3-ee6c-4955-9265-62f86b1668b0');
INSERT INTO clients VALUES('aafe37f0-9295-4bea-8687-68db07fca369','390f9f5753194531873d58d64c18e5e7',0,'02a38a6a-0128-4128-94dc-6c4a87c62b54','81a0cad3-ee6c-4955-9265-62f86b1668b0');
INSERT INTO clients VALUES('e7f58d35-c09a-477f-a4e1-9798cdac953c','e3905e03da044684891f56cae8daf922',0,'02a38a6a-0128-4128-94dc-6c4a87c62b54','81a0cad3-ee6c-4955-9265-62f86b1668b0');
INSERT INTO clients VALUES('5a4e8e7e-c318-4acd-952a-5137f32d78c3','b08b7121ae874de78e811950fbefa008',0,'02a38a6a-0128-4128-94dc-6c4a87c62b54','81a0cad3-ee6c-4955-9265-62f86b1668b0');
INSERT INTO clients VALUES('7d6b2203-faf8-41b0-8652-73708ffe2641','8b2d79a60f4144658b78c38b5401eb51',0,'02a38a6a-0128-4128-94dc-6c4a87c62b54','81a0cad3-ee6c-4955-9265-62f86b1668b0');
INSERT INTO clients VALUES('136df4d6-800b-4a84-83c5-64342fc364fc','6377333896054caf9480762043060a68',0,'02a38a6a-0128-4128-94dc-6c4a87c62b54','81a0cad3-ee6c-4955-9265-62f86b1668b0');
INSERT INTO clients VALUES('69e365e9-c03b-45bf-9d14-8ce385c3c50c','b4f6d3d2c04048a9b220dbd0bf395528',0,'02a38a6a-0128-4128-94dc-6c4a87c62b54','81a0cad3-ee6c-4955-9265-62f86b1668b0');
INSERT INTO clients VALUES('0d0f3d62-79c4-4952-9780-e1b602213157','e67d0141e1a2446fb807eeb0306bc3b3',0,'02a38a6a-0128-4128-94dc-6c4a87c62b54','81a0cad3-ee6c-4955-9265-62f86b1668b0');
INSERT INTO clients VALUES('3f0a152d-3786-4361-a881-5dbb7bf6a84d','739c5cbba9fa4864b775575d2b4d5037',0,'02a38a6a-0128-4128-94dc-6c4a87c62b54','81a0cad3-ee6c-4955-9265-62f86b1668b0');
INSERT INTO clients VALUES('3d4e9fec-55c2-480f-9c50-c861b0bf4c10','4833789b07e64948a1a4457e66e4dabb',0,'02a38a6a-0128-4128-94dc-6c4a87c62b54','81a0cad3-ee6c-4955-9265-62f86b1668b0');
INSERT INTO clients VALUES('d76be28e-026d-406b-940d-9f3d56ca5d6a','616895b7e714412083a3beaa1ae494a0',0,'02a38a6a-0128-4128-94dc-6c4a87c62b54','81a0cad3-ee6c-4955-9265-62f86b1668b0');
INSERT INTO clients VALUES('ac9c056f-84df-42d1-a365-00257dd9d26a','d915e4f415154354b9e0dc1f297d8718',0,'02a38a6a-0128-4128-94dc-6c4a87c62b54','81a0cad3-ee6c-4955-9265-62f86b1668b0');
INSERT INTO clients VALUES('3b42c8e9-8ed0-4d86-92b0-37bb6a1ebd1a','493f9bf9ae584858a600ff2d16365e40',0,'02a38a6a-0128-4128-94dc-6c4a87c62b54','81a0cad3-ee6c-4955-9265-62f86b1668b0');
INSERT INTO clients VALUES('abb7784a-6f9b-4926-8972-796f9700af55','40145c954880459c8c6568306416047e',0,'02a38a6a-0128-4128-94dc-6c4a87c62b54','81a0cad3-ee6c-4955-9265-62f86b1668b0');
INSERT INTO clients VALUES('bcc4a8bd-27fd-4526-a9ec-1b3bbb2c2578','1497a32f7fdc429c839fd5981a6870d7',0,'02a38a6a-0128-4128-94dc-6c4a87c62b54','81a0cad3-ee6c-4955-9265-62f86b1668b0');
INSERT INTO clients VALUES('09570987-7c9f-46bb-8e82-28e0bc056cc7','26794473960c4e5c8b171f0860cd0d6f',0,'02a38a6a-0128-4128-94dc-6c4a87c62b54','81a0cad3-ee6c-4955-9265-62f86b1668b0');
INSERT INTO clients VALUES('f5d02a05-6d40-446c-8505-104231917769','d9f2966eebd4455a92b9811ae24d7477',0,'02a38a6a-0128-4128-94dc-6c4a87c62b54','81a0cad3-ee6c-4955-9265-62f86b1668b0');
INSERT INTO clients VALUES('625e4510-8105-4ef4-8df4-07ce53312920','fe2ca81b00cc498184709cc901c0048b',0,'02a38a6a-0128-4128-94dc-6c4a87c62b54','81a0cad3-ee6c-4955-9265-62f86b1668b0');
INSERT INTO clients VALUES('b01f886f-78e6-42a8-a880-5369ab01727d','a4fcceb7c5ee4c9686d720270fc15adc',0,'02a38a6a-0128-4128-94dc-6c4a87c62b54','81a0cad3-ee6c-4955-9265-62f86b1668b0');
INSERT INTO clients VALUES('8284324d-995b-41d4-ab17-b31a615d838a','95e70d83ca4b4b03879af4ac8fb2f1d8',0,'02a38a6a-0128-4128-94dc-6c4a87c62b54','81a0cad3-ee6c-4955-9265-62f86b1668b0');
INSERT INTO clients VALUES('adb714b5-c0c2-4218-89d8-3ead7be44134','b93f4c236296416e8017b218c35bffaf',0,'02a38a6a-0128-4128-94dc-6c4a87c62b54','81a0cad3-ee6c-4955-9265-62f86b1668b0');
INSERT INTO clients VALUES('5dddb221-9964-4e51-8677-b11cfc67d03e','fc5d238b61694a1b9457c43b3d25b4aa',0,'02a38a6a-0128-4128-94dc-6c4a87c62b54','81a0cad3-ee6c-4955-9265-62f86b1668b0');
INSERT INTO clients VALUES('635cff48-7036-4f88-922a-89e4e8310bb0','8c4c203786a44ff0acf69c20db21a2a8',0,'02a38a6a-0128-4128-94dc-6c4a87c62b54','81a0cad3-ee6c-4955-9265-62f86b1668b0');
INSERT INTO clients VALUES('7a9b10ce-a3a2-4899-9466-dd52f66a87bf','82b8db6448054454b1d952e0ac711d49',0,'02a38a6a-0128-4128-94dc-6c4a87c62b54','81a0cad3-ee6c-4955-9265-62f86b1668b0');
INSERT INTO clients VALUES('9f72de10-37e4-46b4-8c13-8bf18d1ad027','fa253878f4534686abd82ace7852d7fb',0,'02a38a6a-0128-4128-94dc-6c4a87c62b54','81a0cad3-ee6c-4955-9265-62f86b1668b0');
INSERT INTO clients VALUES('2d203d05-5dbb-4e55-ae4f-dea606b31f5d','f6b4b1aaaf14419283461d9e4af7dc88',0,'02a38a6a-0128-4128-94dc-6c4a87c62b54','81a0cad3-ee6c-4955-9265-62f86b1668b0');
INSERT INTO clients VALUES('9f6e4a6a-3da7-4505-8505-c118c151c687','23a28c8413784ea2a24a636b930110bb',0,'02a38a6a-0128-4128-94dc-6c4a87c62b54','81a0cad3-ee6c-4955-9265-62f86b1668b0');
INSERT INTO clients VALUES('0a51ea7f-4a72-4fd8-a102-104d6b9276a1','d5766704a9934b6f8b94b66b72269c9a',0,'02a38a6a-0128-4128-94dc-6c4a87c62b54','81a0cad3-ee6c-4955-9265-62f86b1668b0');
INSERT INTO clients VALUES('7173d7a4-c681-4dda-9b39-f690f1d39475','6233b7b6ce094bf5bc3c9e2b665f01c9',0,'02a38a6a-0128-4128-94dc-6c4a87c62b54','81a0cad3-ee6c-4955-9265-62f86b1668b0');
INSERT INTO clients VALUES('1ec0de90-899f-4dbd-a763-ca1087970166','316bf19d36cc4841a6ea83651b34e416',0,'02a38a6a-0128-4128-94dc-6c4a87c62b54','81a0cad3-ee6c-4955-9265-62f86b1668b0');
INSERT INTO clients VALUES('051f4cf9-4dba-433b-9070-42b5ba7263ba','f5afba38e12f42f88e65bc86a069a240',0,'02a38a6a-0128-4128-94dc-6c4a87c62b54','81a0cad3-ee6c-4955-9265-62f86b1668b0');
INSERT INTO clients VALUES('1a89fccb-70a2-48b9-84a4-50a1528817b9','5af737fc27ee406e9d9b0f43229459d9',0,'02a38a6a-0128-4128-94dc-6c4a87c62b54','81a0cad3-ee6c-4955-9265-62f86b1668b0');
INSERT INTO clients VALUES('226878fd-1312-42de-a1fd-b3d6e79e961f','a879c3feb7614a05a303f8b3db58bf51',0,'02a38a6a-0128-4128-94dc-6c4a87c62b54','81a0cad3-ee6c-4955-9265-62f86b1668b0');
INSERT INTO clients VALUES('f728133a-6117-4501-b304-6ee8136bfb78','d37ca5fe7291471eb06bc01b74b422dd',0,'02a38a6a-0128-4128-94dc-6c4a87c62b54','81a0cad3-ee6c-4955-9265-62f86b1668b0');
INSERT INTO clients VALUES('79cf8d7a-cb33-453d-8b7f-fb8053c9db0c','f0d538e5d4014b5885232d71cea1b99a',0,'02a38a6a-0128-4128-94dc-6c4a87c62b54','81a0cad3-ee6c-4955-9265-62f86b1668b0');
INSERT INTO clients VALUES('729fec05-0611-49ef-ad74-d63413788526','557f6bc1f3974ce0b6235aff49d1b041',0,'02a38a6a-0128-4128-94dc-6c4a87c62b54','81a0cad3-ee6c-4955-9265-62f86b1668b0');
INSERT INTO clients VALUES('437c992a-73b3-417f-8632-c6cf5bd40164','67ac2e04ea5443c28e0b83168b12dd80',0,'02a38a6a-0128-4128-94dc-6c4a87c62b54','81a0cad3-ee6c-4955-9265-62f86b1668b0');
INSERT INTO clients VALUES('8795b5d2-bdc8-47dc-a1e1-d5406e72c5cf','ca3cab8adfd04c919d61350eb7d9f0f3',0,'02a38a6a-0128-4128-94dc-6c4a87c62b54','81a0cad3-ee6c-4955-9265-62f86b1668b0');
INSERT INTO clients VALUES('adcc8342-b8b7-4a9e-aa7a-d2d5316616d4','e527cdc04b164ee3b31906638222b86d',0,'02a38a6a-0128-4128-94dc-6c4a87c62b54','81a0cad3-ee6c-4955-9265-62f86b1668b0');
INSERT INTO clients VALUES('b672d0a1-2eed-4a0c-89a2-4bcfde62b813','2765589ae24f457380c59ca56eb16909',0,'02a38a6a-0128-4128-94dc-6c4a87c62b54','81a0cad3-ee6c-4955-9265-62f86b1668b0');
INSERT INTO clients VALUES('dbbf9870-8330-4add-8a7d-4bfdbc8ee10a','8f2dbcec711f4db6bff2921f6e920205',0,'02a38a6a-0128-4128-94dc-6c4a87c62b54','81a0cad3-ee6c-4955-9265-62f86b1668b0');
INSERT INTO clients VALUES('86f908ec-0812-4373-8876-e5143050e445','2d42a9d385d94ceaa2aa64e87dfe0982',0,'02a38a6a-0128-4128-94dc-6c4a87c62b54','81a0cad3-ee6c-4955-9265-62f86b1668b0');
INSERT INTO clients VALUES('2999de77-edde-4c15-9eed-89735029543c','06d5b646b2c049e28ffdf43182bb2788',0,'02a38a6a-0128-4128-94dc-6c4a87c62b54','81a0cad3-ee6c-4955-9265-62f86b1668b0');
INSERT INTO clients VALUES('dc355745-9171-4e02-bdd8-f6b88a90e7a2','87a0beb3dfdd4ba7b405312fec16a3f6',0,'02a38a6a-0128-4128-94dc-6c4a87c62b54','81a0cad3-ee6c-4955-9265-62f86b1668b0');
INSERT INTO clients VALUES('0f0b92fd-1bfe-4af4-95cf-e2007c731119','1665583261c345f3b0d73a771faf55e3',0,'02a38a6a-0128-4128-94dc-6c4a87c62b54','81a0cad3-ee6c-4955-9265-62f86b1668b0');
INSERT INTO clients VALUES('e1d3de90-c6db-4167-a773-df23cb83fe79','bffa333ead1b484e80761e2ebce39c00',0,'02a38a6a-0128-4128-94dc-6c4a87c62b54','81a0cad3-ee6c-4955-9265-62f86b1668b0');
INSERT INTO clients VALUES('beeb9c09-00fb-4e33-9888-78924e5e6664','4d740f13fa77450583a4370facc37b2c',0,'02a38a6a-0128-4128-94dc-6c4a87c62b54','81a0cad3-ee6c-4955-9265-62f86b1668b0');
INSERT INTO clients VALUES('ddc21102-f2e9-43b3-83f1-b784032aeb4d','0ff31b4ce3df4a8c85492ffbc1661a86',0,'02a38a6a-0128-4128-94dc-6c4a87c62b54','81a0cad3-ee6c-4955-9265-62f86b1668b0');
INSERT INTO clients VALUES('f9401349-f226-4e8e-865a-b4ddd706a910','ef7921edd7904f3288dcbce742a85182',0,'02a38a6a-0128-4128-94dc-6c4a87c62b54','81a0cad3-ee6c-4955-9265-62f86b1668b0');
INSERT INTO clients VALUES('6a121259-bf86-4c78-80a4-cadab5702894','dbab0fc16d1547528a0336102671ef33',0,'02a38a6a-0128-4128-94dc-6c4a87c62b54','81a0cad3-ee6c-4955-9265-62f86b1668b0');
INSERT INTO clients VALUES('ff1cf0f4-d1ca-4508-8f9e-f050f549a13b','9e37836049054f6c9dc022a258ff605c',0,'02a38a6a-0128-4128-94dc-6c4a87c62b54','81a0cad3-ee6c-4955-9265-62f86b1668b0');
INSERT INTO clients VALUES('83e7f867-218a-458f-bd01-1f662586015e','e6e60415545f47e3aacd0486dcfe0c56',0,'02a38a6a-0128-4128-94dc-6c4a87c62b54','81a0cad3-ee6c-4955-9265-62f86b1668b0');
INSERT INTO clients VALUES('c1df0d7a-d5f6-41b9-a72b-dd91a33a2be5','9aff9a6ffb654b90ab487957f3a0c4ac',0,'02a38a6a-0128-4128-94dc-6c4a87c62b54','81a0cad3-ee6c-4955-9265-62f86b1668b0');
INSERT INTO clients VALUES('10849410-cfe1-4c45-83d2-e17acf6a2820','d467e815e39e450583b91a0cdcfca24e',0,'02a38a6a-0128-4128-94dc-6c4a87c62b54','81a0cad3-ee6c-4955-9265-62f86b1668b0');
INSERT INTO clients VALUES('6271eedd-5cd8-4b6c-a9b9-a276715ca8f2','ec7270452ad74215a2d35efa69258849',0,'02a38a6a-0128-4128-94dc-6c4a87c62b54','81a0cad3-ee6c-4955-9265-62f86b1668b0');
INSERT INTO clients VALUES('9d241477-d82a-41c8-b6c3-53ee3162fe2a','4e9273210d42441684ee9a6d0991bbd7',0,'02a38a6a-0128-4128-94dc-6c4a87c62b54','81a0cad3-ee6c-4955-9265-62f86b1668b0');
INSERT INTO clients VALUES('b9c87c14-4df0-418f-a21a-db38b4dce344','1cd6540c91e34d7e93ed483aca1f703f',0,'02a38a6a-0128-4128-94dc-6c4a87c62b54','81a0cad3-ee6c-4955-9265-62f86b1668b0');
INSERT INTO clients VALUES('b7275c10-ee1e-4b8b-9cd1-70b4a1daceba','44aeeeb0f8624919ac36ffadeaa9af37',0,'02a38a6a-0128-4128-94dc-6c4a87c62b54','81a0cad3-ee6c-4955-9265-62f86b1668b0');
INSERT INTO clients VALUES('0bf47c49-7fd8-4411-ab87-1e2e815a9d84','d0f3ea08293c4e32a33b4d04a228ab7a',0,'02a38a6a-0128-4128-94dc-6c4a87c62b54','81a0cad3-ee6c-4955-9265-62f86b1668b0');
INSERT INTO clients VALUES('1ff4325c-3534-40f4-85b3-0177a05a7622','9c124351da8042ccb6863bf46fe5c827',0,'02a38a6a-0128-4128-94dc-6c4a87c62b54','81a0cad3-ee6c-4955-9265-62f86b1668b0');
INSERT INTO clients VALUES('925c6342-ca83-419f-a460-4f1454deab87','ee0ab82a3415452589b4a19a55d802ce',0,'02a38a6a-0128-4128-94dc-6c4a87c62b54','81a0cad3-ee6c-4955-9265-62f86b1668b0');
INSERT INTO clients VALUES('8de79a1d-0854-4494-a4ed-8cf8ffb28a10','7a4f74bdce034c3ead5f1a79a2c8fadc',0,'02a38a6a-0128-4128-94dc-6c4a87c62b54','81a0cad3-ee6c-4955-9265-62f86b1668b0');
INSERT INTO clients VALUES('285a413f-4e7d-4ead-9615-5b5f73c33247','82fa9c1c473e45e18956fd8826c3a904',0,'02a38a6a-0128-4128-94dc-6c4a87c62b54','81a0cad3-ee6c-4955-9265-62f86b1668b0');
INSERT INTO clients VALUES('98855927-2700-49ce-ade2-a9f65fff8871','7d0a96c5ad6e4e4fa39ef7111e4b9f03',0,'02a38a6a-0128-4128-94dc-6c4a87c62b54','81a0cad3-ee6c-4955-9265-62f86b1668b0');
INSERT INTO clients VALUES('8501b179-8ff8-4b19-a32d-3fa4b72d47f4','edb7cfa9abdc4436bbdd8719ec9db227',0,'02a38a6a-0128-4128-94dc-6c4a87c62b54','81a0cad3-ee6c-4955-9265-62f86b1668b0');
INSERT INTO clients VALUES('93858d28-ea96-445a-8b54-7730f03f92fe','df074f87d9dc46bfb49f6dbbbe54c607',0,'02a38a6a-0128-4128-94dc-6c4a87c62b54','81a0cad3-ee6c-4955-9265-62f86b1668b0');
INSERT INTO clients VALUES('09564c5c-2918-44a7-ab35-79f4c1ff8728','abe0d70bd9ed4cbe915efb7f90e09175',0,'02a38a6a-0128-4128-94dc-6c4a87c62b54','81a0cad3-ee6c-4955-9265-62f86b1668b0');
INSERT INTO clients VALUES('afff5bfd-0d3c-4a9a-9c17-49ef4a111c9e','db30c41cf60941db8d4b3ae7bdc87fc8',0,'02a38a6a-0128-4128-94dc-6c4a87c62b54','81a0cad3-ee6c-4955-9265-62f86b1668b0');
INSERT INTO clients VALUES('383f18cb-5482-4480-bf78-f52f21bce7e0','5150657e57d044efa4774c13daea9a10',0,'02a38a6a-0128-4128-94dc-6c4a87c62b54','81a0cad3-ee6c-4955-9265-62f86b1668b0');
INSERT INTO clients VALUES('e683cce0-015b-4d95-aa8d-897dfc839bb7','cdcd7da87bd340398a9e07047ec860cf',0,'02a38a6a-0128-4128-94dc-6c4a87c62b54','81a0cad3-ee6c-4955-9265-62f86b1668b0');
INSERT INTO clients VALUES('d60f17e4-743a-4481-b0e8-5c59f3cf2ccd','63ba227028ad47078d7a5dae0d2e6451',0,'02a38a6a-0128-4128-94dc-6c4a87c62b54','81a0cad3-ee6c-4955-9265-62f86b1668b0');
INSERT INTO clients VALUES('8c7db5ce-3b2d-42a6-98bf-f32a8a045e43','3bed624650bb43b3b4b858827e74e002',0,'02a38a6a-0128-4128-94dc-6c4a87c62b54','81a0cad3-ee6c-4955-9265-62f86b1668b0');
INSERT INTO clients VALUES('3835877e-0e7a-467a-b80f-4978bb751ff4','f1bc98b09a51468a94f9e67574ab2924',0,'02a38a6a-0128-4128-94dc-6c4a87c62b54','81a0cad3-ee6c-4955-9265-62f86b1668b0');
INSERT INTO clients VALUES('569b18c1-7542-4329-b945-db730bc5e2b9','4be3fe3912fc4551a1b023261a6931a5',0,'02a38a6a-0128-4128-94dc-6c4a87c62b54','81a0cad3-ee6c-4955-9265-62f86b1668b0');
INSERT INTO clients VALUES('64938ecd-383b-4f94-aa42-28d24f81a1bb','0ceab6ad2eab44b3985be03855b9c08c',0,'02a38a6a-0128-4128-94dc-6c4a87c62b54','81a0cad3-ee6c-4955-9265-62f86b1668b0');
INSERT INTO clients VALUES('211f4def-e5e3-483c-baf5-afc997146036','bb39a861409e48d3b2bde392243aeed8',0,'02a38a6a-0128-4128-94dc-6c4a87c62b54','81a0cad3-ee6c-4955-9265-62f86b1668b0');
INSERT INTO clients VALUES('c7364546-558b-4e77-b47e-8bfc1b0e39e8','abeb99c1454f48dc8756039285d55f20',0,'02a38a6a-0128-4128-94dc-6c4a87c62b54','81a0cad3-ee6c-4955-9265-62f86b1668b0');
INSERT INTO clients VALUES('4da1e26f-c790-481b-aca9-9ccf04be34b5','d77d4001530b420c9d64a2ff096daef8',0,'02a38a6a-0128-4128-94dc-6c4a87c62b54','81a0cad3-ee6c-4955-9265-62f86b1668b0');
INSERT INTO clients VALUES('6698343b-8602-4d8c-935c-2c97a62e36d4','c63021f7ca8047849b94a1d0622da776',0,'02a38a6a-0128-4128-94dc-6c4a87c62b54','81a0cad3-ee6c-4955-9265-62f86b1668b0');
INSERT INTO clients VALUES('63cd5f5a-209d-49af-bb43-ff3ea35dfae7','5add2280264843e8bda3aa193bcbb9ed',0,'02a38a6a-0128-4128-94dc-6c4a87c62b54','81a0cad3-ee6c-4955-9265-62f86b1668b0');
INSERT INTO clients VALUES('6858cdf5-eb51-47df-8aa9-40796adb055b','8862c94e00db4adca7865a7602b778cd',0,'02a38a6a-0128-4128-94dc-6c4a87c62b54','81a0cad3-ee6c-4955-9265-62f86b1668b0');
INSERT INTO clients VALUES('7cdf2e34-3a54-46c0-a112-17f3ada1e914','27e511a6719e4e7d98e3a07d5f013122',0,'02a38a6a-0128-4128-94dc-6c4a87c62b54','81a0cad3-ee6c-4955-9265-62f86b1668b0');
INSERT INTO clients VALUES('e45db6c8-9310-4104-806f-80d59dadc2b6','975f816ad91f4ed796e7446d92c1cd1e',0,'02a38a6a-0128-4128-94dc-6c4a87c62b54','81a0cad3-ee6c-4955-9265-62f86b1668b0');
INSERT INTO clients VALUES('bbd17950-e66b-422e-94e5-cad3ba890b25','f85e31aa458743f2b77426f78120265f',0,'02a38a6a-0128-4128-94dc-6c4a87c62b54','81a0cad3-ee6c-4955-9265-62f86b1668b0');
INSERT INTO clients VALUES('3ceee05e-62f4-443e-b1a1-37d279199268','756eaa0109d447be9400cab18987096e',0,'02a38a6a-0128-4128-94dc-6c4a87c62b54','81a0cad3-ee6c-4955-9265-62f86b1668b0');
INSERT INTO clients VALUES('42cf9a7b-9695-4ea3-b8cf-f1d5c22391f1','94d885c8bf994599a887986ac2133fef',0,'02a38a6a-0128-4128-94dc-6c4a87c62b54','81a0cad3-ee6c-4955-9265-62f86b1668b0');
INSERT INTO clients VALUES('760a264c-e6fb-4437-a324-6e03b1547e26','3f1c988331254e9596ec16158d708a88',0,'02a38a6a-0128-4128-94dc-6c4a87c62b54','81a0cad3-ee6c-4955-9265-62f86b1668b0');
INSERT INTO clients VALUES('3b40b745-4896-4294-b211-5ed38400b24e','71edf75d86d9426f8006b683d450274a',0,'02a38a6a-0128-4128-94dc-6c4a87c62b54','81a0cad3-ee6c-4955-9265-62f86b1668b0');
INSERT INTO clients VALUES('d879ed36-0281-41e2-8d09-9b885c7cf61a','4b41962cdb7343139ad3ba46bb5dc3a9',0,'02a38a6a-0128-4128-94dc-6c4a87c62b54','81a0cad3-ee6c-4955-9265-62f86b1668b0');
INSERT INTO clients VALUES('1046d7ee-8d31-49e4-b821-3c9b6c8adc52','27abf1048116420bb2dba5a1b4a8da7f',0,'02a38a6a-0128-4128-94dc-6c4a87c62b54','81a0cad3-ee6c-4955-9265-62f86b1668b0');
INSERT INTO clients VALUES('c8c6c9a0-fd59-43d2-9f97-a861735e205f','2c19005911b24aacac008d076af13f27',0,'02a38a6a-0128-4128-94dc-6c4a87c62b54','81a0cad3-ee6c-4955-9265-62f86b1668b0');
INSERT INTO clients VALUES('ddc88dcf-e023-4600-b1ac-40d773f67d6f','c1c2d3fbb8b041dbb38ae00cf26408d2',0,'02a38a6a-0128-4128-94dc-6c4a87c62b54','81a0cad3-ee6c-4955-9265-62f86b1668b0');
INSERT INTO clients VALUES('3a343dff-8c75-45b1-9beb-12aa4e102850','2fb2dbb5c9404d0891f95596ade8ff82',0,'02a38a6a-0128-4128-94dc-6c4a87c62b54','81a0cad3-ee6c-4955-9265-62f86b1668b0');
INSERT INTO clients VALUES('6ff96fc9-02d4-41e9-88cf-d120ac3a744e','a9739f3e8df049cfafe631a0ab9045fc',0,'02a38a6a-0128-4128-94dc-6c4a87c62b54','81a0cad3-ee6c-4955-9265-62f86b1668b0');
INSERT INTO clients VALUES('8f88404f-53c4-413b-bbbd-d2e3a39ce71c','8f25be43c98f4a16b2091e48258a72ed',0,'02a38a6a-0128-4128-94dc-6c4a87c62b54','81a0cad3-ee6c-4955-9265-62f86b1668b0');
INSERT INTO clients VALUES('52aae13d-631d-47d4-86af-e01f19197648','91448006709242199f8157d9192025d7',0,'02a38a6a-0128-4128-94dc-6c4a87c62b54','81a0cad3-ee6c-4955-9265-62f86b1668b0');
INSERT INTO clients VALUES('3ce15e46-d3ec-4943-8e91-a66ca4284a0a','5078e3adb5084e59859bc2d3e4249484',0,'02a38a6a-0128-4128-94dc-6c4a87c62b54','81a0cad3-ee6c-4955-9265-62f86b1668b0');
INSERT INTO clients VALUES('2d6242bb-259c-4ab1-93f4-87faa48dd5b3','82249bbdd14140c493fa290cb5e39673',0,'02a38a6a-0128-4128-94dc-6c4a87c62b54','81a0cad3-ee6c-4955-9265-62f86b1668b0');
INSERT INTO clients VALUES('4ca9f2fb-0340-414c-9bbc-fb5a99bb0e40','5e43498f851447c5ab4330945361b830',0,'02a38a6a-0128-4128-94dc-6c4a87c62b54','81a0cad3-ee6c-4955-9265-62f86b1668b0');
INSERT INTO clients VALUES('720b7359-ca21-4b3b-b183-787aab82eb6b','a143fe9d6e2545e38343be63d68e5022',0,'02a38a6a-0128-4128-94dc-6c4a87c62b54','81a0cad3-ee6c-4955-9265-62f86b1668b0');
INSERT INTO clients VALUES('36356179-0e43-43a7-b461-bf32c788d424','76f7808e5ee648789d40358d5be13cf6',0,'02a38a6a-0128-4128-94dc-6c4a87c62b54','81a0cad3-ee6c-4955-9265-62f86b1668b0');
INSERT INTO clients VALUES('bf6c55cb-76cf-4ea6-9e83-0d5e9eefcd85','87d1398b0ab54f0d872cb125b5cee381',0,'02a38a6a-0128-4128-94dc-6c4a87c62b54','81a0cad3-ee6c-4955-9265-62f86b1668b0');
INSERT INTO clients VALUES('9d6cc4d4-bbe4-46e6-9c41-1d45550513f8','9d3318e763444ea18823b48df9c94734',0,'02a38a6a-0128-4128-94dc-6c4a87c62b54','81a0cad3-ee6c-4955-9265-62f86b1668b0');
INSERT INTO clients VALUES('c247ca9e-63bf-4c71-a232-481daf07044f','7db87a945756461080664cc5a8913a09',0,'02a38a6a-0128-4128-94dc-6c4a87c62b54','81a0cad3-ee6c-4955-9265-62f86b1668b0');
INSERT INTO clients VALUES('dec91695-b0e8-4dd6-8a3e-e727bfb08758','c7ecebdaacbc408c978a4e55f1bcad8b',0,'02a38a6a-0128-4128-94dc-6c4a87c62b54','81a0cad3-ee6c-4955-9265-62f86b1668b0');
INSERT INTO clients VALUES('4b0cdabc-89a4-4f19-962b-6da45deb1832','deed84e00c31474fbebae03c8d256164',0,'02a38a6a-0128-4128-94dc-6c4a87c62b54','81a0cad3-ee6c-4955-9265-62f86b1668b0');
INSERT INTO clients VALUES('0ad28d98-6ca3-47b6-aad7-92c59add809f','68ecbd2720cf41c393547068c039575b',0,'02a38a6a-0128-4128-94dc-6c4a87c62b54','81a0cad3-ee6c-4955-9265-62f86b1668b0');
INSERT INTO clients VALUES('16a12c5b-9aa9-4aca-a025-9602b85d144f','26aab791e80f47a7a86de78fe9953193',0,'02a38a6a-0128-4128-94dc-6c4a87c62b54','81a0cad3-ee6c-4955-9265-62f86b1668b0');
INSERT INTO clients VALUES('22caf731-2a26-4a05-a208-a328d74d816b','5b3bdb8bd3634ff4a32795d024bf484e',0,'02a38a6a-0128-4128-94dc-6c4a87c62b54','81a0cad3-ee6c-4955-9265-62f86b1668b0');
INSERT INTO clients VALUES('ba197a6e-f910-48f3-b885-c2c7cc282b61','51f4c6d90a53406fa3e2e32b05dddda9',0,'02a38a6a-0128-4128-94dc-6c4a87c62b54','81a0cad3-ee6c-4955-9265-62f86b1668b0');
INSERT INTO clients VALUES('a04786f4-1a34-45b9-b518-007b1a9f36de','046ac9234a6b462ebd5bd7b7d63bf249',0,'02a38a6a-0128-4128-94dc-6c4a87c62b54','81a0cad3-ee6c-4955-9265-62f86b1668b0');
INSERT INTO clients VALUES('eb04b1d7-f90c-4919-ad1a-ffec90478784','0300ecd9595946898980acda728efe12',0,'02a38a6a-0128-4128-94dc-6c4a87c62b54','81a0cad3-ee6c-4955-9265-62f86b1668b0');
INSERT INTO clients VALUES('ce95f673-753b-4312-80ca-95f6a19b25fe','6fbfc03b93e94933bb14e9fd53e1fea6',0,'02a38a6a-0128-4128-94dc-6c4a87c62b54','81a0cad3-ee6c-4955-9265-62f86b1668b0');
INSERT INTO clients VALUES('29d1be37-1c47-4076-9dc6-4cf84d21ce21','bbcc7b575e7f45b8b745b7a714b09fd7',0,'02a38a6a-0128-4128-94dc-6c4a87c62b54','81a0cad3-ee6c-4955-9265-62f86b1668b0');
INSERT INTO clients VALUES('75ef7d4a-791d-48a5-b357-2cfa2e1c419d','e51ac3c029234e4bab5123623c77ae4d',0,'02a38a6a-0128-4128-94dc-6c4a87c62b54','81a0cad3-ee6c-4955-9265-62f86b1668b0');
INSERT INTO clients VALUES('4077dc17-8404-43f7-8624-72ac78c42c98','7ee64af5a0f14634a66428882b9c45de',0,'02a38a6a-0128-4128-94dc-6c4a87c62b54','81a0cad3-ee6c-4955-9265-62f86b1668b0');
INSERT INTO clients VALUES('8ed81015-58f5-4605-a4c7-087f40180782','8d4aec6838cd400ca769db5d9a3fc479',0,'02a38a6a-0128-4128-94dc-6c4a87c62b54','81a0cad3-ee6c-4955-9265-62f86b1668b0');
INSERT INTO clients VALUES('bb27863a-98da-45d3-ba17-ef3cd7a37aae','dc9dae142a07414da0bc39764bd5ac44',0,'02a38a6a-0128-4128-94dc-6c4a87c62b54','81a0cad3-ee6c-4955-9265-62f86b1668b0');
INSERT INTO clients VALUES('8de73d2b-8727-4358-b7dd-66ba17f2e50c','9f7b1b0710ab42fd86f317c72e0f8f63',0,'02a38a6a-0128-4128-94dc-6c4a87c62b54','81a0cad3-ee6c-4955-9265-62f86b1668b0');
INSERT INTO clients VALUES('8010fb8a-31d5-485f-aa01-9171bbbc203e','1262c7bd3632434bbd3f8d41ee6cf6ff',0,'02a38a6a-0128-4128-94dc-6c4a87c62b54','81a0cad3-ee6c-4955-9265-62f86b1668b0');
INSERT INTO clients VALUES('e6f89ea1-3752-42d4-b4f8-5193a5e5b999','47161bbdf21346658107e9ee079346d6',0,'02a38a6a-0128-4128-94dc-6c4a87c62b54','81a0cad3-ee6c-4955-9265-62f86b1668b0');
INSERT INTO clients VALUES('b51de443-f031-4e84-b1d8-0c59d4dbbd91','97e3f41cd1c146258eae27d4255a5914',0,'02a38a6a-0128-4128-94dc-6c4a87c62b54','81a0cad3-ee6c-4955-9265-62f86b1668b0');
INSERT INTO clients VALUES('73e9ec1a-a885-4438-90ed-8172647c08cd','48d329341f6e427d801228e7a2c74384',0,'02a38a6a-0128-4128-94dc-6c4a87c62b54','81a0cad3-ee6c-4955-9265-62f86b1668b0');
INSERT INTO clients VALUES('0aa50309-a88a-4d88-b56b-decd986a7382','92dbc1f81ac343d78d26bc30bb65a893',0,'02a38a6a-0128-4128-94dc-6c4a87c62b54','81a0cad3-ee6c-4955-9265-62f86b1668b0');
INSERT INTO clients VALUES('970f2f5f-0580-4784-8b5d-d4ea6f56e519','58368e84255d428aa6ecb2fbc465501a',0,'02a38a6a-0128-4128-94dc-6c4a87c62b54','81a0cad3-ee6c-4955-9265-62f86b1668b0');
INSERT INTO clients VALUES('0ee11837-a430-41ef-ae59-287c63e66e65','1a86f2041f55442fbb7d6b704f6fa901',0,'02a38a6a-0128-4128-94dc-6c4a87c62b54','81a0cad3-ee6c-4955-9265-62f86b1668b0');
INSERT INTO clients VALUES('a05dcf4a-d8d8-40b8-b45d-949ccead2ee7','c4f0b36401124be89100d332d8768b70',0,'02a38a6a-0128-4128-94dc-6c4a87c62b54','81a0cad3-ee6c-4955-9265-62f86b1668b0');
INSERT INTO clients VALUES('9d01da30-84e1-4123-aa8f-8c3f0d20d46e','68c7685f841f4ade8e979b92b967029b',0,'02a38a6a-0128-4128-94dc-6c4a87c62b54','81a0cad3-ee6c-4955-9265-62f86b1668b0');
INSERT INTO clients VALUES('948f3c71-1656-42ea-93dd-8bae2d05b926','bdd88cb5fe324bb8993f271857f57763',0,'02a38a6a-0128-4128-94dc-6c4a87c62b54','81a0cad3-ee6c-4955-9265-62f86b1668b0');
INSERT INTO clients VALUES('75c266d0-b34c-424e-87bb-5f4a9edf59c9','77bcfc698de84887a99c581384067791',0,'02a38a6a-0128-4128-94dc-6c4a87c62b54','81a0cad3-ee6c-4955-9265-62f86b1668b0');
INSERT INTO clients VALUES('c7df0d7d-d362-43a8-9f1a-b81b8383951a','e77eabd5518f4742abb406031c866575',0,'02a38a6a-0128-4128-94dc-6c4a87c62b54','81a0cad3-ee6c-4955-9265-62f86b1668b0');
INSERT INTO clients VALUES('8a1e73e2-0531-416d-8e18-23a4d3970ba2','6b5b05cf731f4d9abe92cf1154d1824f',0,'02a38a6a-0128-4128-94dc-6c4a87c62b54','81a0cad3-ee6c-4955-9265-62f86b1668b0');
INSERT INTO clients VALUES('17a393cc-7a8d-420d-a84b-773db56c8f9c','9f523a7534a24fc3ba88aef97df6fa12',0,'02a38a6a-0128-4128-94dc-6c4a87c62b54','81a0cad3-ee6c-4955-9265-62f86b1668b0');
INSERT INTO clients VALUES('8985fc64-61c7-4ad1-b571-01afe235dabd','4e29f403f8ec4598a5a9dbac6737f38b',0,'02a38a6a-0128-4128-94dc-6c4a87c62b54','81a0cad3-ee6c-4955-9265-62f86b1668b0');
INSERT INTO clients VALUES('19c78f2e-3897-4777-9818-83177a29df4f','f97549ece9c24814a2d2bc04c8dc3ed5',0,'02a38a6a-0128-4128-94dc-6c4a87c62b54','81a0cad3-ee6c-4955-9265-62f86b1668b0');
INSERT INTO clients VALUES('26064ad8-9aa1-46e0-bc09-30913b406564','ff1980bd35474301ab42b5cf50977a50',0,'02a38a6a-0128-4128-94dc-6c4a87c62b54','81a0cad3-ee6c-4955-9265-62f86b1668b0');
INSERT INTO clients VALUES('232e8ec9-49d5-4009-9ec5-b4a823227679','047acffc014042d9a10664c0ec58b0f3',0,'02a38a6a-0128-4128-94dc-6c4a87c62b54','81a0cad3-ee6c-4955-9265-62f86b1668b0');
INSERT INTO clients VALUES('4d890b42-7692-43af-898e-33f1ffab9bcf','6ff0ab7fe30146a4b2cbea073d7f50d6',0,'02a38a6a-0128-4128-94dc-6c4a87c62b54','81a0cad3-ee6c-4955-9265-62f86b1668b0');
INSERT INTO clients VALUES('c4c818dc-23c0-4652-9285-74ded56f41d6','976ca407f0fd49de9b755606f7c8cd97',0,'02a38a6a-0128-4128-94dc-6c4a87c62b54','81a0cad3-ee6c-4955-9265-62f86b1668b0');
INSERT INTO clients VALUES('c9250ae9-62bb-4141-9d54-2ecec470bdf5','e2e9cfcb6eb44c9799453a4f902d6930',0,'02a38a6a-0128-4128-94dc-6c4a87c62b54','81a0cad3-ee6c-4955-9265-62f86b1668b0');
INSERT INTO clients VALUES('7f721fcf-f4d5-4ebc-a0cc-7e00b4638176','1ab26562226a4ec9ba507b05f618ee13',0,'02a38a6a-0128-4128-94dc-6c4a87c62b54','81a0cad3-ee6c-4955-9265-62f86b1668b0');
INSERT INTO clients VALUES('79086b19-19be-4fa2-8478-993dea481223','0786fe8018624760976ed0e815f8ebce',0,'02a38a6a-0128-4128-94dc-6c4a87c62b54','81a0cad3-ee6c-4955-9265-62f86b1668b0');
INSERT INTO clients VALUES('3c4b4494-4ff4-4671-bbab-70142092fdd2','28cf2ad87d0645fca3d51c172a015e11',0,'02a38a6a-0128-4128-94dc-6c4a87c62b54','81a0cad3-ee6c-4955-9265-62f86b1668b0');
INSERT INTO clients VALUES('0ac48c11-d78b-476b-b826-7f6bdbe82208','53acb1b56c80405f8de8916292a9a2b1',0,'02a38a6a-0128-4128-94dc-6c4a87c62b54','81a0cad3-ee6c-4955-9265-62f86b1668b0');
INSERT INTO clients VALUES('0b351122-f81a-4daf-8a55-f1e7e6896c6b','6fe7f2d6e1b54163800ad3bd76d3187e',0,'02a38a6a-0128-4128-94dc-6c4a87c62b54','81a0cad3-ee6c-4955-9265-62f86b1668b0');
INSERT INTO clients VALUES('4a9838ba-aeea-4862-b82c-b76be88c024c','03acdf23d7754a19897e5ee50fd59694',0,'02a38a6a-0128-4128-94dc-6c4a87c62b54','81a0cad3-ee6c-4955-9265-62f86b1668b0');
INSERT INTO clients VALUES('a24c594d-7a66-4256-9185-311190a4de6d','5ab7fef1e0a84eb3a6555b5386c7cf09',0,'02a38a6a-0128-4128-94dc-6c4a87c62b54','81a0cad3-ee6c-4955-9265-62f86b1668b0');
INSERT INTO clients VALUES('07ff7fa1-8e09-4f5a-a42a-12adc2d792a2','6027c5d5d14c4e0e9e4be1a9f59ea9bd',0,'02a38a6a-0128-4128-94dc-6c4a87c62b54','81a0cad3-ee6c-4955-9265-62f86b1668b0');
INSERT INTO clients VALUES('352dd7c0-a5b9-4fdb-98c8-10eca935dff7','1e1b12b7fbdb4e46bf6bb91f06197149',0,'02a38a6a-0128-4128-94dc-6c4a87c62b54','81a0cad3-ee6c-4955-9265-62f86b1668b0');
INSERT INTO clients VALUES('74b75a45-c4ed-46d7-94cc-73e5da4e915e','c92701d4f6ef432c8ecccf45d5eaf604',0,'02a38a6a-0128-4128-94dc-6c4a87c62b54','81a0cad3-ee6c-4955-9265-62f86b1668b0');
INSERT INTO clients VALUES('37601229-74c4-43c5-ac5b-26cb938581a7','8c8226ef01c64150833756810e93e1fa',0,'02a38a6a-0128-4128-94dc-6c4a87c62b54','81a0cad3-ee6c-4955-9265-62f86b1668b0');
INSERT INTO clients VALUES('3faf542d-cae3-4b7a-85ae-6fde9780fe0d','1109eeacc605452295d3e6355e2e4cb7',0,'02a38a6a-0128-4128-94dc-6c4a87c62b54','81a0cad3-ee6c-4955-9265-62f86b1668b0');
INSERT INTO clients VALUES('2a211358-344b-4cc0-873a-d20ffdf2fe5d','6e470a59fbc04a069d6aa0aabf62b6db',0,'02a38a6a-0128-4128-94dc-6c4a87c62b54','81a0cad3-ee6c-4955-9265-62f86b1668b0');
INSERT INTO clients VALUES('d25f6cea-9500-4cb4-97dd-85adb4aab258','f7cac55b11a4423ba6a0190270dec5bc',0,'02a38a6a-0128-4128-94dc-6c4a87c62b54','81a0cad3-ee6c-4955-9265-62f86b1668b0');
INSERT INTO clients VALUES('b96380d7-5aa6-453b-8dcf-5c72b43d3c6b','472969b465aa404d973aefce3ee5b3f7',0,'02a38a6a-0128-4128-94dc-6c4a87c62b54','81a0cad3-ee6c-4955-9265-62f86b1668b0');
INSERT INTO clients VALUES('3242e988-4044-4e82-99cf-64a274bdac48','321309a4152f4f669baf59022e643236',0,'02a38a6a-0128-4128-94dc-6c4a87c62b54','81a0cad3-ee6c-4955-9265-62f86b1668b0');
INSERT INTO clients VALUES('bf05d74d-9879-41b5-b62c-402cb5563038','f6c267229e6344c58f9cd1574e93938a',0,'02a38a6a-0128-4128-94dc-6c4a87c62b54','81a0cad3-ee6c-4955-9265-62f86b1668b0');
INSERT INTO clients VALUES('453ac8f3-6ce7-465a-b428-76bfafafd1e6','fcecbc11c03549709112369d50c4e8bf',0,'02a38a6a-0128-4128-94dc-6c4a87c62b54','81a0cad3-ee6c-4955-9265-62f86b1668b0');
INSERT INTO clients VALUES('df72c60c-4044-4f89-a415-c9be8805501b','87dd20753b02493aab62c2eea283064c',0,'02a38a6a-0128-4128-94dc-6c4a87c62b54','81a0cad3-ee6c-4955-9265-62f86b1668b0');
INSERT INTO clients VALUES('90ff7a65-33dd-4f56-9f40-86fefea45754','8e90d4accd8247e9af7769ec277a453d',0,'02a38a6a-0128-4128-94dc-6c4a87c62b54','81a0cad3-ee6c-4955-9265-62f86b1668b0');
INSERT INTO clients VALUES('be520198-28e0-4f7d-958b-5a6038780e24','e1e5ee3ec2fe46be9447b310e7a51715',0,'02a38a6a-0128-4128-94dc-6c4a87c62b54','81a0cad3-ee6c-4955-9265-62f86b1668b0');
INSERT INTO clients VALUES('578dc819-f291-42e7-82d3-83ee0ece2569','e1ba05f818a2472e8a6bf213cfad14c9',0,'02a38a6a-0128-4128-94dc-6c4a87c62b54','81a0cad3-ee6c-4955-9265-62f86b1668b0');
INSERT INTO clients VALUES('fd995945-ba71-4952-a029-97b898a09192','7a4e8770e3cd4cdb939ff7a33c531aba',0,'02a38a6a-0128-4128-94dc-6c4a87c62b54','81a0cad3-ee6c-4955-9265-62f86b1668b0');
INSERT INTO clients VALUES('f1bc863a-c958-4a2e-b6ee-51cefefbc797','bfde7c4e0ce44e7687ea3d2d44b47c25',0,'02a38a6a-0128-4128-94dc-6c4a87c62b54','81a0cad3-ee6c-4955-9265-62f86b1668b0');
INSERT INTO clients VALUES('b9971ad9-111b-4a6e-b757-771d9b84758b','016c5b3829a24af3a36b65875a04f232',0,'02a38a6a-0128-4128-94dc-6c4a87c62b54','81a0cad3-ee6c-4955-9265-62f86b1668b0');
INSERT INTO clients VALUES('b924b005-dc95-4398-aa51-8007f0012999','1c8701fd389549e4831297c6a6e40b52',0,'02a38a6a-0128-4128-94dc-6c4a87c62b54','81a0cad3-ee6c-4955-9265-62f86b1668b0');
INSERT INTO clients VALUES('03721aee-1c4c-40af-ad52-6ad1b5550241','c034ec75125548e5bec1b8dd1c698f49',0,'02a38a6a-0128-4128-94dc-6c4a87c62b54','81a0cad3-ee6c-4955-9265-62f86b1668b0');
INSERT INTO clients VALUES('e3f48bb7-5ec8-48a1-9b7b-5bbdfe34d683','7b4899e0292c493d8565b1f5ade270aa',0,'02a38a6a-0128-4128-94dc-6c4a87c62b54','81a0cad3-ee6c-4955-9265-62f86b1668b0');
INSERT INTO clients VALUES('50df248a-5faa-4b27-9668-7872e8ce207e','50bd3f28dfb64cdb8cfc84b9cc7ee277',0,'02a38a6a-0128-4128-94dc-6c4a87c62b54','81a0cad3-ee6c-4955-9265-62f86b1668b0');
INSERT INTO clients VALUES('5d56423b-364b-4e47-82f5-765b6f1e4863','bc842d50463d49668d75f2a3612e724f',0,'02a38a6a-0128-4128-94dc-6c4a87c62b54','81a0cad3-ee6c-4955-9265-62f86b1668b0');
INSERT INTO clients VALUES('7bb31c54-4016-49ef-881d-cbba9c091af8','9d67e15ff9384848ba8e2bff01a707f1',0,'02a38a6a-0128-4128-94dc-6c4a87c62b54','81a0cad3-ee6c-4955-9265-62f86b1668b0');
INSERT INTO clients VALUES('1463c118-25ab-4f61-80d1-b1bf4a894ec9','8aa1ce0e6a1949d182c5596b21ed303b',0,'02a38a6a-0128-4128-94dc-6c4a87c62b54','81a0cad3-ee6c-4955-9265-62f86b1668b0');
INSERT INTO clients VALUES('36fa32a1-3d5e-4903-8cbb-3c9e4003a04e','39f71ecf6e2f4ea98fe9430fc30f7ae8',0,'02a38a6a-0128-4128-94dc-6c4a87c62b54','81a0cad3-ee6c-4955-9265-62f86b1668b0');
INSERT INTO clients VALUES('2411b030-680c-48e2-9bcd-bd3536d3c9f3','a7d1d4b062ad44668c45e8d7d4d6ddec',0,'02a38a6a-0128-4128-94dc-6c4a87c62b54','81a0cad3-ee6c-4955-9265-62f86b1668b0');
INSERT INTO clients VALUES('5eaa0254-7de9-4619-b8bd-ab707f6439f7','e9ad6b210d114301b22d412f2bc217c6',0,'02a38a6a-0128-4128-94dc-6c4a87c62b54','81a0cad3-ee6c-4955-9265-62f86b1668b0');
INSERT INTO clients VALUES('4fe4a923-70cf-4ae6-95bb-85863f92a418','0af768a7f29e419f89232ff8cdd023e3',0,'02a38a6a-0128-4128-94dc-6c4a87c62b54','81a0cad3-ee6c-4955-9265-62f86b1668b0');
INSERT INTO clients VALUES('a964a325-2184-4dc9-9120-12c7ecb11998','67383871c5814f4099fea84a6b5d83b4',0,'02a38a6a-0128-4128-94dc-6c4a87c62b54','81a0cad3-ee6c-4955-9265-62f86b1668b0');
INSERT INTO clients VALUES('171ad9b9-b1c2-4aed-944e-fa18c03189a4','7c6b716210a34192ba961bbdf9f298e3',0,'02a38a6a-0128-4128-94dc-6c4a87c62b54','81a0cad3-ee6c-4955-9265-62f86b1668b0');
INSERT INTO clients VALUES('9e9d3300-abb3-4fa4-b0e5-51bc5bb0e6e4','ed8c6f0c009c46fca317ebb6654af804',0,'02a38a6a-0128-4128-94dc-6c4a87c62b54','81a0cad3-ee6c-4955-9265-62f86b1668b0');
INSERT INTO clients VALUES('142d823a-7d11-4457-ae01-1cc434418cb1','e64414efe4164c93ae000778062a0740',0,'02a38a6a-0128-4128-94dc-6c4a87c62b54','81a0cad3-ee6c-4955-9265-62f86b1668b0');
INSERT INTO clients VALUES('b9486746-6e9f-4178-afdf-b47e99c95f41','a00d1b879036402d9dc49ff0ef770336',0,'02a38a6a-0128-4128-94dc-6c4a87c62b54','81a0cad3-ee6c-4955-9265-62f86b1668b0');
INSERT INTO clients VALUES('76dc2b39-7b38-4dd5-b8b4-5940f50a7a64','9c4ebf517318499a8dca20e38c1b4792',0,'02a38a6a-0128-4128-94dc-6c4a87c62b54','81a0cad3-ee6c-4955-9265-62f86b1668b0');
INSERT INTO clients VALUES('9f528c33-c332-40af-8017-d24784425c11','10a8f23b3d154b53959002d631827a78',0,'02a38a6a-0128-4128-94dc-6c4a87c62b54','81a0cad3-ee6c-4955-9265-62f86b1668b0');
INSERT INTO clients VALUES('76e885ab-81fa-4713-80ea-d43b818875d1','fd83f0a9ff5547ce99f9c4432a6a6ccc',0,'02a38a6a-0128-4128-94dc-6c4a87c62b54','81a0cad3-ee6c-4955-9265-62f86b1668b0');
INSERT INTO clients VALUES('75046513-a3db-47a7-a5e1-4a8b918f5933','14fd1be668b949e9aea30e27ec824988',0,'02a38a6a-0128-4128-94dc-6c4a87c62b54','81a0cad3-ee6c-4955-9265-62f86b1668b0');
INSERT INTO clients VALUES('aa0dd47b-8400-40b1-b505-e33a89ddd1aa','491ca5509c174e05a3898bab41c2f1b9',0,'02a38a6a-0128-4128-94dc-6c4a87c62b54','81a0cad3-ee6c-4955-9265-62f86b1668b0');
INSERT INTO clients VALUES('3a215c0a-aa52-44a3-b238-a5885582b08c','0061a5ab2f65416b945fe57ee3a00037',0,'02a38a6a-0128-4128-94dc-6c4a87c62b54','81a0cad3-ee6c-4955-9265-62f86b1668b0');
INSERT INTO clients VALUES('b770afe1-eb76-4103-b698-0d75ab66e39f','9ff6043334aa40e48765949382f2c949',0,'02a38a6a-0128-4128-94dc-6c4a87c62b54','81a0cad3-ee6c-4955-9265-62f86b1668b0');
INSERT INTO clients VALUES('34ce9e0d-ecb0-447f-978a-c077c8c2fdea','18120ea3ce9241878c2a734304490e34',0,'02a38a6a-0128-4128-94dc-6c4a87c62b54','81a0cad3-ee6c-4955-9265-62f86b1668b0');
INSERT INTO clients VALUES('1b1ee15c-75e5-4e62-be10-d73d5fd0e6d8','ec0845c5901742e98e1141027c9dc55b',0,'02a38a6a-0128-4128-94dc-6c4a87c62b54','81a0cad3-ee6c-4955-9265-62f86b1668b0');
INSERT INTO clients VALUES('82f22a34-17e4-496e-b350-7833221c176a','93bce2c2550e492a835cb343dca011db',0,'02a38a6a-0128-4128-94dc-6c4a87c62b54','81a0cad3-ee6c-4955-9265-62f86b1668b0');
INSERT INTO clients VALUES('f362fcfa-48e3-4285-8205-9170e58b8c7a','425dc9ffd46f4981b3814c8a9cc7412b',0,'02a38a6a-0128-4128-94dc-6c4a87c62b54','81a0cad3-ee6c-4955-9265-62f86b1668b0');
INSERT INTO clients VALUES('ddb4dd68-2964-4e7c-a9b0-0f1836f36452','49313a01f67c4585b5dbbaa604b02468',0,'02a38a6a-0128-4128-94dc-6c4a87c62b54','81a0cad3-ee6c-4955-9265-62f86b1668b0');
INSERT INTO clients VALUES('18f9d8f7-6f4a-40e3-badc-5b36f486145f','e090a4bbb8744e9bbd5040bcd8e7b0ba',0,'02a38a6a-0128-4128-94dc-6c4a87c62b54','81a0cad3-ee6c-4955-9265-62f86b1668b0');
INSERT INTO clients VALUES('50afff58-dd53-4bcc-a94b-1a6863711d9d','8c68ef0f027e42aba8486f0976141dac',0,'02a38a6a-0128-4128-94dc-6c4a87c62b54','81a0cad3-ee6c-4955-9265-62f86b1668b0');
INSERT INTO clients VALUES('7456f078-a935-4dee-a4b2-910c64acd1f0','0aa5754ae0644ad9bed9301ca89307de',0,'02a38a6a-0128-4128-94dc-6c4a87c62b54','81a0cad3-ee6c-4955-9265-62f86b1668b0');
INSERT INTO clients VALUES('c5aeec7d-e435-41f0-8962-0fa6301d09ce','5b04bcd0717b4171a3fa3dab18b695d2',0,'02a38a6a-0128-4128-94dc-6c4a87c62b54','81a0cad3-ee6c-4955-9265-62f86b1668b0');
INSERT INTO clients VALUES('1f09103e-aa30-4233-aa54-911c2da41595','87385d646fbf4924bad9ff2db3be2b06',0,'02a38a6a-0128-4128-94dc-6c4a87c62b54','81a0cad3-ee6c-4955-9265-62f86b1668b0');
INSERT INTO clients VALUES('fe63f4a2-aff3-44a9-b9d1-286793ec611c','05b92cab9aec43fb9ee2b3de60b2ec1a',0,'02a38a6a-0128-4128-94dc-6c4a87c62b54','81a0cad3-ee6c-4955-9265-62f86b1668b0');
INSERT INTO clients VALUES('67a86c44-f948-4fbb-9754-b021c22f3001','a3924dd4a21b4339a8a1b6cd27349513',0,'02a38a6a-0128-4128-94dc-6c4a87c62b54','81a0cad3-ee6c-4955-9265-62f86b1668b0');
INSERT INTO clients VALUES('2f367c67-1f21-419f-b755-7bf7c5c1c08b','80de56c2fafe4e879347153cf65b8276',0,'02a38a6a-0128-4128-94dc-6c4a87c62b54','81a0cad3-ee6c-4955-9265-62f86b1668b0');
INSERT INTO clients VALUES('55192243-25b1-4b22-87f7-25f8af9ca72b','a1a4527e454f4ed48156ddc55553f822',0,'02a38a6a-0128-4128-94dc-6c4a87c62b54','81a0cad3-ee6c-4955-9265-62f86b1668b0');
INSERT INTO clients VALUES('f26f7190-6137-4c51-946d-c4388c64d7fb','da276d4c62994d179b26f3b0a9249059',0,'02a38a6a-0128-4128-94dc-6c4a87c62b54','81a0cad3-ee6c-4955-9265-62f86b1668b0');
INSERT INTO clients VALUES('605310ff-3139-4d01-8bc7-91deb95eca5f','c7906486ea42496ca1e67674e540de47',0,'02a38a6a-0128-4128-94dc-6c4a87c62b54','81a0cad3-ee6c-4955-9265-62f86b1668b0');
INSERT INTO clients VALUES('a834838f-1c60-40a3-a8b0-b2a84f19cde8','5229a5d3f92c4a6b845710815b217720',0,'02a38a6a-0128-4128-94dc-6c4a87c62b54','81a0cad3-ee6c-4955-9265-62f86b1668b0');
INSERT INTO clients VALUES('7e7a8b54-80fd-492b-8623-921128a2db51','f68f68a40b2c422499bf4d323a311604',0,'02a38a6a-0128-4128-94dc-6c4a87c62b54','81a0cad3-ee6c-4955-9265-62f86b1668b0');
INSERT INTO clients VALUES('34df0e82-77eb-4e9c-9a9f-816fe0462c34','e096a4cf29374754a0a3e6a1965c79f9',0,'02a38a6a-0128-4128-94dc-6c4a87c62b54','81a0cad3-ee6c-4955-9265-62f86b1668b0');
INSERT INTO clients VALUES('572a87cf-b19c-4699-955a-b5a94f8fc7f6','875886bad98c4de9817870a3c70b1b0e',0,'02a38a6a-0128-4128-94dc-6c4a87c62b54','81a0cad3-ee6c-4955-9265-62f86b1668b0');
INSERT INTO clients VALUES('3b929356-a8eb-4817-8787-e0dca0977732','e77af4ffea024bfba8aefcfac8d1a546',0,'02a38a6a-0128-4128-94dc-6c4a87c62b54','81a0cad3-ee6c-4955-9265-62f86b1668b0');
INSERT INTO clients VALUES('67dfc47e-edb8-46b9-a6f2-d595894e6f72','8b9ebef8b8a44fb2a6a4be020d3f38d4',0,'02a38a6a-0128-4128-94dc-6c4a87c62b54','81a0cad3-ee6c-4955-9265-62f86b1668b0');
INSERT INTO clients VALUES('ff4e4606-4d11-439e-a7a3-f86fd54a3b03','7f7fef4295c74785855569905f672e94',0,'02a38a6a-0128-4128-94dc-6c4a87c62b54','81a0cad3-ee6c-4955-9265-62f86b1668b0');
INSERT INTO clients VALUES('cf42b012-c253-4567-97ca-b82bd3751223','d02324ace9304d60a026af3d8971d5a5',0,'02a38a6a-0128-4128-94dc-6c4a87c62b54','81a0cad3-ee6c-4955-9265-62f86b1668b0');
INSERT INTO clients VALUES('a5672330-bfec-40e7-98b2-ed7bae76025b','86a7266b7ca44409928afc36f840b3b1',0,'02a38a6a-0128-4128-94dc-6c4a87c62b54','81a0cad3-ee6c-4955-9265-62f86b1668b0');
INSERT INTO clients VALUES('ecb1c345-e1ca-4034-95a5-3a4ad9df8181','dee758ba1bb04e45a03bf6396bdab6e7',0,'02a38a6a-0128-4128-94dc-6c4a87c62b54','81a0cad3-ee6c-4955-9265-62f86b1668b0');
INSERT INTO clients VALUES('4ff952e0-6055-4f5b-83b5-7f5f141562e6','993413e5125d4122ac36692b7f554f63',0,'02a38a6a-0128-4128-94dc-6c4a87c62b54','81a0cad3-ee6c-4955-9265-62f86b1668b0');
INSERT INTO clients VALUES('36889b90-a3e9-4934-b0ee-691088463e45','569ebaef00394a58ba52fe04ae1ee971',0,'02a38a6a-0128-4128-94dc-6c4a87c62b54','81a0cad3-ee6c-4955-9265-62f86b1668b0');
INSERT INTO clients VALUES('6aa485a9-4d14-4ebf-b91f-9a16913d598b','483e5545a65d4ed2b5d0b2487fa1c1b6',0,'02a38a6a-0128-4128-94dc-6c4a87c62b54','81a0cad3-ee6c-4955-9265-62f86b1668b0');
INSERT INTO clients VALUES('0b9b411f-819a-4064-b154-19486b1d9408','409928030e2e4008bd2c7607939b6139',0,'02a38a6a-0128-4128-94dc-6c4a87c62b54','81a0cad3-ee6c-4955-9265-62f86b1668b0');
INSERT INTO clients VALUES('5cd0ebe6-d485-4c79-80c2-d4f0cfd81958','e130e95689414b09ad626484faf7bd69',0,'02a38a6a-0128-4128-94dc-6c4a87c62b54','81a0cad3-ee6c-4955-9265-62f86b1668b0');
INSERT INTO clients VALUES('52024b3c-a417-4dd8-bbc6-ae5deb5b4e3e','648749a016ea43e4a1bcb3b02bbc1f1b',0,'02a38a6a-0128-4128-94dc-6c4a87c62b54','81a0cad3-ee6c-4955-9265-62f86b1668b0');
INSERT INTO clients VALUES('45c76585-7ed5-4be3-87db-deb70b6d6566','092fdcd1d89446668898cf7da174bc95',0,'02a38a6a-0128-4128-94dc-6c4a87c62b54','81a0cad3-ee6c-4955-9265-62f86b1668b0');
INSERT INTO clients VALUES('ec0fb565-d870-4ba1-9ca4-e57c80fe45ec','435f16782587467aa58efd508bac9f69',0,'02a38a6a-0128-4128-94dc-6c4a87c62b54','81a0cad3-ee6c-4955-9265-62f86b1668b0');
INSERT INTO clients VALUES('f1c5eac0-6c64-4e04-b3c5-ce800d2bf68a','e11c5800d061442586e4288e54b84bdf',0,'02a38a6a-0128-4128-94dc-6c4a87c62b54','81a0cad3-ee6c-4955-9265-62f86b1668b0');
INSERT INTO clients VALUES('75925f6b-00b9-448a-a906-86b335a561bd','fe9900230bd34ef69f509246d19ce330',0,'02a38a6a-0128-4128-94dc-6c4a87c62b54','81a0cad3-ee6c-4955-9265-62f86b1668b0');
INSERT INTO clients VALUES('d953500a-6b20-4d15-9e58-63238b1f08d0','a5d46b825ce7487bb1ba18490576c492',0,'02a38a6a-0128-4128-94dc-6c4a87c62b54','81a0cad3-ee6c-4955-9265-62f86b1668b0');
INSERT INTO clients VALUES('a0e79d30-e33b-487d-b977-197a3f6ab7b7','16648c9f8989492a9904a26c5971bd47',0,'02a38a6a-0128-4128-94dc-6c4a87c62b54','81a0cad3-ee6c-4955-9265-62f86b1668b0');
INSERT INTO clients VALUES('528d1379-dc2a-4048-9b35-0f74b4bdd0a9','fdb29704335c4b47b40323265bb21900',0,'02a38a6a-0128-4128-94dc-6c4a87c62b54','81a0cad3-ee6c-4955-9265-62f86b1668b0');
INSERT INTO clients VALUES('7c8600b3-5a75-470d-9abb-6821c4bf2a95','a828907299f743e5b7d40f9e3a9f87a5',0,'02a38a6a-0128-4128-94dc-6c4a87c62b54','81a0cad3-ee6c-4955-9265-62f86b1668b0');
INSERT INTO clients VALUES('b991fd1d-5fa1-4214-95ab-469d09164563','7c4e52fce4c546e892be12b41897e14b',0,'02a38a6a-0128-4128-94dc-6c4a87c62b54','81a0cad3-ee6c-4955-9265-62f86b1668b0');
INSERT INTO clients VALUES('537dbb4f-6366-4235-a92d-95dd82608b4e','830d0eb35a4f4146a5332e2c53135a29',0,'02a38a6a-0128-4128-94dc-6c4a87c62b54','81a0cad3-ee6c-4955-9265-62f86b1668b0');
INSERT INTO clients VALUES('aa01c926-f640-4377-a073-aacdfa8df996','d4cd81110bc5423da896ac8f8bc6cfd9',0,'02a38a6a-0128-4128-94dc-6c4a87c62b54','81a0cad3-ee6c-4955-9265-62f86b1668b0');
INSERT INTO clients VALUES('fb518dbf-5a3b-4df6-a5c2-fda954ec8b2b','97057928b4fc4c9da84dcbd8350a4075',0,'02a38a6a-0128-4128-94dc-6c4a87c62b54','81a0cad3-ee6c-4955-9265-62f86b1668b0');
INSERT INTO clients VALUES('49c97660-4fda-4237-92f0-86596043ed1d','f92a5b32000e4afab74d1ccb018c788b',0,'02a38a6a-0128-4128-94dc-6c4a87c62b54','81a0cad3-ee6c-4955-9265-62f86b1668b0');
INSERT INTO clients VALUES('ee11689f-0628-46d5-a1d5-dd379fdf43da','1400141e75dd4bf491507a8273afe4f3',0,'02a38a6a-0128-4128-94dc-6c4a87c62b54','81a0cad3-ee6c-4955-9265-62f86b1668b0');
INSERT INTO clients VALUES('e8bb615e-a58f-4727-834c-ce17b50c4bcd','fbae9b710b054b7791e9be55612061ec',0,'02a38a6a-0128-4128-94dc-6c4a87c62b54','81a0cad3-ee6c-4955-9265-62f86b1668b0');
INSERT INTO clients VALUES('94483dab-7c6c-4dc5-b84d-bc0e10f474b7','69d03ab6818243f39a35143c6ab4bf50',0,'02a38a6a-0128-4128-94dc-6c4a87c62b54','81a0cad3-ee6c-4955-9265-62f86b1668b0');
INSERT INTO clients VALUES('fd4cf2fe-9fd3-4f72-ad55-364fcc13828a','8bcdbb64dd3246338668ab449c3f9e40',0,'02a38a6a-0128-4128-94dc-6c4a87c62b54','81a0cad3-ee6c-4955-9265-62f86b1668b0');
INSERT INTO clients VALUES('3e3bf7bf-f95b-4c17-ace0-9bcffb5f9c5c','b3a8c2a108f742b8b8eb53bbabdd26d7',0,'02a38a6a-0128-4128-94dc-6c4a87c62b54','81a0cad3-ee6c-4955-9265-62f86b1668b0');
INSERT INTO clients VALUES('51132685-9c5e-4e8a-a315-9c5783b532d6','46516578c1de41cd81ceb5a18610325b',0,'02a38a6a-0128-4128-94dc-6c4a87c62b54','81a0cad3-ee6c-4955-9265-62f86b1668b0');
INSERT INTO clients VALUES('ed29248e-f044-461c-a0c6-43ddfb9ee100','7e0508da02554d938b05f4ea38a62de1',0,'02a38a6a-0128-4128-94dc-6c4a87c62b54','81a0cad3-ee6c-4955-9265-62f86b1668b0');
INSERT INTO clients VALUES('f62142ba-57b3-4ad1-ab10-65c0e67e307d','caa55bcf8bce494588fb3fc6687e28e1',0,'02a38a6a-0128-4128-94dc-6c4a87c62b54','81a0cad3-ee6c-4955-9265-62f86b1668b0');
INSERT INTO clients VALUES('62be0494-0f8b-4d90-871e-99af632e42ac','9ed89c8547034f0a909dd2642c641ed5',0,'02a38a6a-0128-4128-94dc-6c4a87c62b54','81a0cad3-ee6c-4955-9265-62f86b1668b0');
INSERT INTO clients VALUES('36b3821e-0d3a-4d81-82fc-dc6b75c46b71','68bebf19710645ed8c15c4d6dcedfa3d',0,'02a38a6a-0128-4128-94dc-6c4a87c62b54','81a0cad3-ee6c-4955-9265-62f86b1668b0');
INSERT INTO clients VALUES('15c9a7f4-83c2-498c-9d25-014e313834ba','b9ac253fda404a18864132006931d8f6',0,'02a38a6a-0128-4128-94dc-6c4a87c62b54','81a0cad3-ee6c-4955-9265-62f86b1668b0');
INSERT INTO clients VALUES('2ec835e2-cf4b-4fa5-82a0-b96babfa80d9','87e75fd83e964f45a3a7ae77e4480af1',0,'02a38a6a-0128-4128-94dc-6c4a87c62b54','81a0cad3-ee6c-4955-9265-62f86b1668b0');
INSERT INTO clients VALUES('7158eda3-5caf-4d4e-a25b-949f6178ec65','c7168eeef2c94612902123c9845a395e',0,'02a38a6a-0128-4128-94dc-6c4a87c62b54','81a0cad3-ee6c-4955-9265-62f86b1668b0');
INSERT INTO clients VALUES('2a389c70-af07-407e-a0e1-a3a4c234e601','ff499d99bf004e7b8104e27a218ffa60',0,'02a38a6a-0128-4128-94dc-6c4a87c62b54','81a0cad3-ee6c-4955-9265-62f86b1668b0');
INSERT INTO clients VALUES('38ad4dcd-68c6-4d9e-b496-3013ee3a09ed','01c20681ab3b4638948328485bd8605d',0,'02a38a6a-0128-4128-94dc-6c4a87c62b54','81a0cad3-ee6c-4955-9265-62f86b1668b0');
INSERT INTO clients VALUES('75544759-0c60-4b13-b68e-6f31fdab7ba1','150a5af2010e447c9876a447a62011da',0,'02a38a6a-0128-4128-94dc-6c4a87c62b54','81a0cad3-ee6c-4955-9265-62f86b1668b0');
INSERT INTO clients VALUES('0e82c407-def6-4169-99f2-fc77cc319dd5','327c73dc76694bb298051f079f9b3122',0,'02a38a6a-0128-4128-94dc-6c4a87c62b54','81a0cad3-ee6c-4955-9265-62f86b1668b0');
INSERT INTO clients VALUES('78931111-ee71-4bb2-ac9d-c63e0b11435a','9563bfd579f44147a3afbcc0f6bfd77f',0,'02a38a6a-0128-4128-94dc-6c4a87c62b54','81a0cad3-ee6c-4955-9265-62f86b1668b0');
INSERT INTO clients VALUES('5e0fff14-910a-4a94-8915-493f610ef296','770ab9ff2c6a4c548df153314ceedb93',0,'02a38a6a-0128-4128-94dc-6c4a87c62b54','81a0cad3-ee6c-4955-9265-62f86b1668b0');
INSERT INTO clients VALUES('41a33678-5348-4902-8d43-07fd0e30a645','46a28513c3784b689f277d8e073e3429',0,'02a38a6a-0128-4128-94dc-6c4a87c62b54','81a0cad3-ee6c-4955-9265-62f86b1668b0');
INSERT INTO clients VALUES('3affb780-6521-428d-bae9-7d28d9024ad0','207b070ec5ac49a1a2467ca60db94308',0,'02a38a6a-0128-4128-94dc-6c4a87c62b54','81a0cad3-ee6c-4955-9265-62f86b1668b0');
INSERT INTO clients VALUES('7345575c-a0c3-4a20-b25f-a713f60098da','e443926758d2496caebb692c3987e92a',0,'02a38a6a-0128-4128-94dc-6c4a87c62b54','81a0cad3-ee6c-4955-9265-62f86b1668b0');
INSERT INTO clients VALUES('5e66043e-3ae0-4df6-9b29-fc15b62e9294','ca61b023001f438ea405de8b35ab4af5',0,'02a38a6a-0128-4128-94dc-6c4a87c62b54','81a0cad3-ee6c-4955-9265-62f86b1668b0');
INSERT INTO clients VALUES('dc201262-21bd-4831-aaab-ccc935da7357','3af3fe2876d84a9fae7acfa8b62ec9d3',0,'02a38a6a-0128-4128-94dc-6c4a87c62b54','81a0cad3-ee6c-4955-9265-62f86b1668b0');
INSERT INTO clients VALUES('84b483ab-778e-46ef-8c46-b016198152da','5c46090508a54113938286cb27dc3df1',0,'02a38a6a-0128-4128-94dc-6c4a87c62b54','81a0cad3-ee6c-4955-9265-62f86b1668b0');
INSERT INTO clients VALUES('43ccf958-8376-4232-b932-65303a662210','fd71a89e23fb4811b2b0893fc42e384b',0,'02a38a6a-0128-4128-94dc-6c4a87c62b54','81a0cad3-ee6c-4955-9265-62f86b1668b0');
INSERT INTO clients VALUES('1c11d985-c7ac-492b-a0cc-aeb078a0f269','a601fafc33c34908806bb3f5bd128b8f',0,'02a38a6a-0128-4128-94dc-6c4a87c62b54','81a0cad3-ee6c-4955-9265-62f86b1668b0');
INSERT INTO clients VALUES('fa4d2d0c-6005-47fc-b877-5413d0448dce','bc38112a69ba4ce7a333123b3bee0fd0',0,'02a38a6a-0128-4128-94dc-6c4a87c62b54','81a0cad3-ee6c-4955-9265-62f86b1668b0');
INSERT INTO clients VALUES('f9fc170c-e4ae-4c4f-b6c0-d0f07a41685e','9e79ff15d84146039435adee3b4aeeff',0,'02a38a6a-0128-4128-94dc-6c4a87c62b54','81a0cad3-ee6c-4955-9265-62f86b1668b0');
INSERT INTO clients VALUES('5d45e45f-ff0c-44c9-a185-69f64d16c514','2b1c1a26375544cdb7828ebd39920f9a',0,'02a38a6a-0128-4128-94dc-6c4a87c62b54','81a0cad3-ee6c-4955-9265-62f86b1668b0');
INSERT INTO clients VALUES('0d43f8ec-4572-423c-85b8-cb90b6564633','db2dca94d4614d7cad7488e5e3085584',0,'02a38a6a-0128-4128-94dc-6c4a87c62b54','81a0cad3-ee6c-4955-9265-62f86b1668b0');
INSERT INTO clients VALUES('6584c596-d0b6-4240-bfbd-d4f9d84e2a90','015f020970b145e6b8d9efe8d41ecd3a',0,'02a38a6a-0128-4128-94dc-6c4a87c62b54','81a0cad3-ee6c-4955-9265-62f86b1668b0');
INSERT INTO clients VALUES('2bb03e8c-c8d5-48ce-b8d5-97a9873312ae','51c578efe054453288ae5258df0f5bcd',0,'02a38a6a-0128-4128-94dc-6c4a87c62b54','81a0cad3-ee6c-4955-9265-62f86b1668b0');
INSERT INTO clients VALUES('687e4539-3b90-4645-97f5-ef8d001dd464','38c5c050793740ce9987c1fe221ed795',0,'02a38a6a-0128-4128-94dc-6c4a87c62b54','81a0cad3-ee6c-4955-9265-62f86b1668b0');
INSERT INTO clients VALUES('8a1c537e-ed3e-40e2-91e8-e58313a7e15e','2d428dcdad4d49cda826e6d9fdf649e1',0,'02a38a6a-0128-4128-94dc-6c4a87c62b54','81a0cad3-ee6c-4955-9265-62f86b1668b0');
INSERT INTO clients VALUES('b60987f2-98df-4f62-bd56-2a3e4f508206','8395a61cada342aca35eb61cb16e368a',0,'02a38a6a-0128-4128-94dc-6c4a87c62b54','81a0cad3-ee6c-4955-9265-62f86b1668b0');
INSERT INTO clients VALUES('6b88e42d-0a06-443b-b771-5336fa5eee5e','ab1cdc39d8a24431959728c535ad3d35',0,'02a38a6a-0128-4128-94dc-6c4a87c62b54','81a0cad3-ee6c-4955-9265-62f86b1668b0');
INSERT INTO clients VALUES('71007f92-b4e0-4048-94de-f0fdf46f19d1','56280723026c482bb818d9fb7afce7c3',0,'02a38a6a-0128-4128-94dc-6c4a87c62b54','81a0cad3-ee6c-4955-9265-62f86b1668b0');
INSERT INTO clients VALUES('a5721500-759e-4001-ab14-b463e25e7242','9bee1c933a204d17b39cc67d138e9326',0,'02a38a6a-0128-4128-94dc-6c4a87c62b54','81a0cad3-ee6c-4955-9265-62f86b1668b0');
INSERT INTO clients VALUES('3ef25902-90ad-40f5-b81e-37129395fe42','289cf24efbea4ea7b5c597958ad70c5f',0,'02a38a6a-0128-4128-94dc-6c4a87c62b54','81a0cad3-ee6c-4955-9265-62f86b1668b0');
INSERT INTO clients VALUES('0517573b-70ba-4b99-94ce-cbae983e2524','fd70d3c37f8e45c3b5b76c6a45b44c20',0,'02a38a6a-0128-4128-94dc-6c4a87c62b54','81a0cad3-ee6c-4955-9265-62f86b1668b0');
INSERT INTO clients VALUES('fd5ef40d-0c5c-451f-a2ae-d1395e07fa38','17e560c8c71b4b2399a1c9644fb52431',0,'02a38a6a-0128-4128-94dc-6c4a87c62b54','81a0cad3-ee6c-4955-9265-62f86b1668b0');
INSERT INTO clients VALUES('fba11375-6af9-4c27-9729-da31dc52b25a','8ec50efe68d1428a831ec8be307b4e7b',0,'02a38a6a-0128-4128-94dc-6c4a87c62b54','81a0cad3-ee6c-4955-9265-62f86b1668b0');
INSERT INTO clients VALUES('aad3e941-a25e-4556-ad21-3ff6d59278e4','4725528d2bb64db7b30dd1b9d7405b42',0,'02a38a6a-0128-4128-94dc-6c4a87c62b54','81a0cad3-ee6c-4955-9265-62f86b1668b0');
INSERT INTO clients VALUES('58110b37-ba0d-4d83-9932-2b7fbd134a22','694070add606454d8645ff005886bf45',0,'02a38a6a-0128-4128-94dc-6c4a87c62b54','81a0cad3-ee6c-4955-9265-62f86b1668b0');
INSERT INTO clients VALUES('9b64ace0-ec1e-402a-aeb9-f16353715894','2deb03ffa59c4ba6935535827470896c',0,'02a38a6a-0128-4128-94dc-6c4a87c62b54','81a0cad3-ee6c-4955-9265-62f86b1668b0');
INSERT INTO clients VALUES('8d6edda1-8312-4e65-81fa-1eaf954ff6a4','fc1c56eff0a847f08b3ef36ce492aaaa',0,'02a38a6a-0128-4128-94dc-6c4a87c62b54','81a0cad3-ee6c-4955-9265-62f86b1668b0');
INSERT INTO clients VALUES('92ce8314-f5f5-4637-b730-d050b85ddd82','c6269b4827624140a899b7d98239a61c',0,'02a38a6a-0128-4128-94dc-6c4a87c62b54','81a0cad3-ee6c-4955-9265-62f86b1668b0');
INSERT INTO clients VALUES('4f86f85e-aa6a-449d-b1f6-b018c8c8af51','645d55611d7947bcabdb0f3a4df5d52b',0,'02a38a6a-0128-4128-94dc-6c4a87c62b54','81a0cad3-ee6c-4955-9265-62f86b1668b0');
INSERT INTO clients VALUES('4dcded64-8554-48e2-b26c-823de60ce37c','fe8b4883e48b436ca8dc4d1e9357f861',0,'02a38a6a-0128-4128-94dc-6c4a87c62b54','81a0cad3-ee6c-4955-9265-62f86b1668b0');
INSERT INTO clients VALUES('149d64ec-ba69-4b73-b22f-26a1719d5847','b966dd43f95248bca74c3ff7ea567b14',0,'02a38a6a-0128-4128-94dc-6c4a87c62b54','81a0cad3-ee6c-4955-9265-62f86b1668b0');
INSERT INTO clients VALUES('9055f178-d528-4abf-8009-beb63fb2eb84','a89f73f0fa2b4b83b27223cb468ce692',0,'02a38a6a-0128-4128-94dc-6c4a87c62b54','81a0cad3-ee6c-4955-9265-62f86b1668b0');
INSERT INTO clients VALUES('c86fc7cc-ca66-4835-822d-c842712e2328','0bdf622d00724e8f804b925a9bdf9d9d',0,'02a38a6a-0128-4128-94dc-6c4a87c62b54','81a0cad3-ee6c-4955-9265-62f86b1668b0');
INSERT INTO clients VALUES('de304ffb-1628-4b76-b985-738442ade39d','a0f39ad5020f4ad1b89e3fc7351c387f',0,'02a38a6a-0128-4128-94dc-6c4a87c62b54','81a0cad3-ee6c-4955-9265-62f86b1668b0');
INSERT INTO clients VALUES('806e1b2a-dea6-4cae-9fa3-2b6deaca8eaf','5266bd7c3faa42528ef5124cabd09825',0,'02a38a6a-0128-4128-94dc-6c4a87c62b54','81a0cad3-ee6c-4955-9265-62f86b1668b0');
INSERT INTO clients VALUES('2315c968-60f9-4f25-8197-034de5e42623','0c232bad1e404c1e8abe717e6267c459',0,'02a38a6a-0128-4128-94dc-6c4a87c62b54','81a0cad3-ee6c-4955-9265-62f86b1668b0');
CREATE TABLE `invites` (`code` text,`created_at` datetime,PRIMARY KEY (`code`));
INSERT INTO invites VALUES('T2TKoCjKNgA','2025-11-17 00:20:59.740859001-05:00');
CREATE TABLE `user_oidc_identities` (`id` integer,`user_uuid` text NOT NULL,`subject` text NOT NULL,`issuer` text NOT NULL,PRIMARY KEY (`id`),CONSTRAINT `fk_users_o_id_c_identities` FOREIGN KEY (`user_uuid`) REFERENCES `users`(`uuid`));
INSERT INTO user_oidc_identities VALUES(1,'3203a466-e087-4722-bcb2-a58094d44e30','8194612f-f244-45d5-a5f9-313d9c538f83','https://idm.example.com/oauth2/openid/drasl');
CREATE TRIGGER v4_insert_unique_username
			BEFORE INSERT ON users
			FOR EACH ROW
			BEGIN
				-- We have to reimplement the regular "UNIQUE constraint
				-- failed" errors here too since we want them to take priority
				SELECT RAISE(ABORT, 'UNIQUE constraint failed: users.username')
				WHERE EXISTS(
					SELECT 1 FROM users WHERE username = NEW.username AND uuid != NEW.uuid
				);

				SELECT RAISE(ABORT, 'USERNAME_TAKEN_BY_PLAYER_NAME')
				WHERE EXISTS(
					SELECT 1 from players WHERE name == NEW.username AND user_uuid != NEW.uuid
				);
			END
;
CREATE TRIGGER v4_update_unique_username
			BEFORE UPDATE ON users
			FOR EACH ROW
			BEGIN
				SELECT RAISE(ABORT, 'UNIQUE constraint failed: users.username')
				WHERE EXISTS(
					SELECT 1 FROM users WHERE username = NEW.username AND uuid != NEW.uuid
				);

				SELECT RAISE(ABORT, 'USERNAME_TAKEN_BY_PLAYER_NAME')
				WHERE EXISTS(
					SELECT 1 from players WHERE name == NEW.username AND user_uuid != NEW.uuid
				);
			END;
CREATE TRIGGER v4_insert_unique_player_name
			BEFORE INSERT ON players
			BEGIN
				SELECT RAISE(ABORT, 'UNIQUE constraint failed: players.name')
				WHERE EXISTS(
					SELECT 1 from players WHERE name == NEW.name AND uuid != NEW.uuid
				);

				SELECT RAISE(ABORT, 'PLAYER_NAME_TAKEN_BY_USERNAME')
				WHERE EXISTS(
					SELECT 1 from users WHERE username == NEW.name AND uuid != NEW.user_uuid
				);
			END;
CREATE TRIGGER v4_update_unique_player_name
			BEFORE UPDATE ON players
			BEGIN
				SELECT RAISE(ABORT, 'UNIQUE constraint failed: players.name')
				WHERE EXISTS(
					SELECT 1 from players WHERE name == NEW.name AND uuid != NEW.uuid
				);

				SELECT RAISE(ABORT, 'PLAYER_NAME_TAKEN_BY_USERNAME')
				WHERE EXISTS(
					SELECT 1 from users WHERE username == NEW.name AND uuid != NEW.user_uuid
				);
			END;
CREATE TRIGGER v4_insert_unique_user_oidc_identities
			BEFORE INSERT ON user_oidc_identities
			BEGIN
				SELECT RAISE(ABORT, 'UNIQUE constraint failed: user_oidc_identities.issuer, user_oidc_identities.subject')
				WHERE EXISTS(
					SELECT 1 from user_oidc_identities WHERE id != NEW.id AND issuer == NEW.issuer AND subject == NEW.subject
				);

				SELECT RAISE(ABORT, 'UNIQUE constraint failed: user_oidc_identities.issuer')
				WHERE EXISTS(
					SELECT 1 from user_oidc_identities WHERE id != NEW.id AND user_uuid == NEW.user_uuid AND issuer == NEW.issuer
				);
			END;
CREATE TRIGGER v4_update_unique_user_oidc_identities
			BEFORE UPDATE ON user_oidc_identities
			BEGIN
				SELECT RAISE(ABORT, 'UNIQUE constraint failed: user_oidc_identities.issuer, user_oidc_identities.subject')
				WHERE EXISTS(
					SELECT 1 from user_oidc_identities WHERE id != NEW.id AND issuer == NEW.issuer AND subject == NEW.subject
				);

				SELECT RAISE(ABORT, 'UNIQUE constraint failed: user_oidc_identities.issuer')
				WHERE EXISTS(
					SELECT 1 from user_oidc_identities WHERE id != NEW.id AND user_uuid == NEW.user_uuid AND issuer == NEW.issuer
				);
			END;
CREATE INDEX `idx_users_browser_token` ON `users`(`browser_token`);
CREATE INDEX `idx_players_cape_hash` ON `players`(`cape_hash`);
CREATE INDEX `idx_players_skin_hash` ON `players`(`skin_hash`);
CREATE INDEX `idx_clients_player_uuid` ON `clients`(`player_uuid`);
CREATE UNIQUE INDEX `subject_issuer_unique_index` ON `user_oidc_identities`(`subject`,`issuer`);
CREATE INDEX `idx_user_oidc_identities_user_uuid` ON `user_oidc_identities`(`user_uuid`);
COMMIT;
